순번,생산라인코드,생산라인명,품목코드,품목명,발생시간,종료시간,오류조치시간,비가동코드,Error_Message,오류발생작업장명,생산일자
10,D004,PET병,13D02080,참깨흑임자드레싱,14:16,14:24,8,W0056B4,위치조정실패,충전실,2021-01-03
7,D011,2동 오리히로,16A01016,시아스고구마샐러드믹스,18:54,19:03,9,W005711,대기,충전실,2021-01-04
2,C002,쿠커 #2,23K01321,나가사키베이스(재),9:51,9:58,7,W003452,충진 오류,쿠킹실,2021-01-05
13,P004,PET#1,13R02051,이마트베스트돈까스소스,18:20,20:44,144,W0076B2,구동부,포장실,2021-01-05
17,C004,쿠커 #4,23D02080,참깨흑임자드레싱(재),22:32,1:16,164,W003721,충진 오류,쿠킹실,2021-01-10
19,C006,2동 쿠커 #3,26A01016,시아스고구마샐러드믹스(재),23:48,0:36,48,W003452,충진 오류,쿠킹실,2021-01-10
5,C007,프리머 #1,26B04003,해표골드마요네즈(재),9:55,10:05,10,W003452,충진 오류,쿠킹실,2021-01-10
21,D004,PET병,13D02080,참깨흑임자드레싱,2:35,2:42,7,W0056E1,노즐,충전실,2021-01-11
7,C003,쿠커 #3,1.#JE+00,이마트가쓰오다시국물(재),11:13,12:00,47,W003452,충진 오류,쿠킹실,2021-01-11
19,C006,2동 쿠커 #3,26A02010,시아스단호박샐러드(재),0:40,4:33,233,W003452,충진 오류,쿠킹실,2021-01-12
6,C007,프리머 #1,26B03002,마요네즈-업소용10kg(재),14:30,14:40,10,W003452,충진 오류,쿠킹실,2021-01-12
11,C008,프리머 #2,26B06036,JFC마요네즈1kg(재),19:32,20:48,76,W003711,기타,쿠킹실,2021-01-12
3,D003,로타리 #2,16B06036,JFC마요네즈1kg,11:59,13:39,100,W005311,포장지 인쇄 불량,충전실,2021-01-12
2,D005,3.2마요,16B06050,신선하고깨끗한마요네즈,9:47,10:01,14,W0056E2,온도 상승 지연,충전실,2021-01-13
14,P004,PET#1,13U01141,요리愛[애]요리당,17:27,18:04,37,W007212,위치조정실패,포장실,2021-01-13
4,C006,2동 쿠커 #3,26A02010,시아스단호박샐러드(재),5:00,6:50,110,W003452,충진 오류,쿠킹실,2021-01-15
9,C010,파일롯,23K01312,서비스면양념장(재),12:40,13:16,36,W003312,전처리,쿠킹실,2021-01-17
28,D004,PET병,13D02080,참깨흑임자드레싱,18:15,18:27,12,W0056E1,노즐,충전실,2021-01-17
20,C003,쿠커 #3,23S05061,미스터피자치킨스파게티소스(재),19:23,19:47,24,W003452,충진 오류,쿠킹실,2021-01-18
13,C008,프리머 #2,26B06014,이마트 고소한 마요네즈250g(재),14:10,15:00,50,W003452,충진 오류,쿠킹실,2021-01-18
3,D005,3.2마요,16B04003,해표골드마요네즈,9:06,9:09,3,W0056A4,배합 실패 오류,충전실,2021-01-18
13,D004,PET병,13R02052,이마트베스트스테이크소스,14:14,14:36,22,W005211,PSD패킹 교체,충전실,2021-01-20
7,D011,2동 오리히로,16A01001,고구마샐러드-P,14:10,14:30,20,W005492,교체,충전실,2021-01-21
6,D011,2동 오리히로,16A02010,시아스단호박샐러드,22:20,0:01,101,W005313,불량교체,충전실,2021-01-22
23,D011,2동 오리히로,16A01002,감자샐러드-P,0:00,0:10,10,W005492,교체,충전실,2021-01-25
18,C006,2동 쿠커 #3,26A02010,시아스단호박샐러드(재),22:30,23:45,75,W003452,충진 오류,쿠킹실,2021-01-25
11,D005,3.2마요,16B04008,소후레쉬마요네즈골드3.2kg,17:13,17:26,13,W0056E2,온도 상승 지연,충전실,2021-01-25
15,D005,3.2마요,16B04008,소후레쉬마요네즈골드3.2kg,18:54,19:08,14,W0056E2,온도 상승 지연,충전실,2021-01-25
12,D004,PET병,13D02150,1/2샐러드소스 파인애플,13:57,14:00,3,W005711,대기,충전실,2021-01-26
8,C001,쿠커 #1,23P05010,시아스피자소스(재),10:46,11:44,58,W003312,전처리,쿠킹실,2021-01-27
15,C001,쿠커 #1,23P05010,시아스피자소스(재),14:00,14:51,51,W003312,전처리,쿠킹실,2021-01-27
25,C008,프리머 #2,23D01170,KFC마요드레싱3kg(재),21:05,22:35,90,W003471,온도 상승 지연,쿠킹실,2021-01-27
7,D005,3.2마요,16B06008,이츠웰골드마요네즈3.2kg,11:30,11:55,25,W005631,그립퍼,충전실,2021-01-28
17,D011,2동 오리히로,16A01016,시아스고구마샐러드믹스,14:15,15:10,55,W005441,씰바 셋팅,충전실,2021-01-28
25,D011,2동 오리히로,16A01002,감자샐러드-P,22:42,22:55,13,W005313,불량교체,충전실,2021-01-28
10,C007,프리머 #1,26B04003,해표골드마요네즈(재),12:58,13:35,37,W003212,위치조정실패,쿠킹실,2021-02-16
18,C007,프리머 #1,26B04003,해표골드마요네즈(재),15:05,15:19,14,W003452,충진 오류,쿠킹실,2021-02-16
4,C003,쿠커 #3,,,9:01,9:16,15,W003471,온도 상승 지연,쿠킹실,2021-02-18
19,P004,PET#1,13D03088,포도씨유로만든블루베리드레싱540g,0:31,1:37,66,W007212,위치조정실패,포장실,2021-02-22
31,C004,쿠커 #4,23D02150,1/2샐러드소스 파인애플(재),2:30,5:11,161,W003721,충진 오류,쿠킹실,2021-02-24
26,C007,프리머 #1,26B04003,해표골드마요네즈(재),19:10,19:24,14,W003452,충진 오류,쿠킹실,2021-02-23
32,P004,PET#1,13D02140,세서미오리엔탈드레싱,5:30,6:29,59,W007212,위치조정실패,포장실,2021-02-24
21,C003,쿠커 #3,26A03003,살사후실리샐러드(재),15:27,15:53,26,W003452,충진 오류,쿠킹실,2021-03-01
14,C007,프리머 #1,26B03004,마요네즈-업소용18kg(재),13:05,13:35,30,W003212,위치조정실패,쿠킹실,2021-03-01
20,C007,프리머 #1,26B03004,마요네즈-업소용18kg(재),14:35,15:10,35,W003451,냉각,쿠킹실,2021-03-01
3,D004,PET병,13A00422,멸치볶음소스300g,8:57,10:30,93,W005432,제품 넘침 청소,충전실,2021-03-01
6,P004,PET#1,13A00422,멸치볶음소스300g,10:14,10:23,9,W007211,PSD패킹 교체,포장실,2021-03-01
29,P004,PET#1,13D02142,참깨흑임자드레싱100g,3:13,3:43,30,W007211,PSD패킹 교체,포장실,2021-03-02
13,D006,튜브,13R11005,이마트스테이크소스600g,15:25,15:54,29,W005711,대기,충전실,2021-03-02
19,D006,튜브,13R11005,이마트스테이크소스600g,18:22,18:38,16,W005711,대기,충전실,2021-03-02
9,D013,마요네즈 수동,16B06001,골드마요네즈(업소용)10kg,12:04,13:08,64,W005721,원료,충전실,2021-03-02
12,D004,PET병,13D02139,크리미시저드레싱,18:13,18:17,4,W0056E1,노즐,충전실,2021-03-03
5,C008,프리머 #2,26B06054,디프라이스카레마요네즈(재),11:45,13:15,90,W003452,충진 오류,쿠킹실,2021-03-04
13,C008,프리머 #2,26B06054,디프라이스카레마요네즈(재),18:30,19:05,35,W003452,충진 오류,쿠킹실,2021-03-04
13,D001,3K 캔,13P02106,미스터피자피자소스엠피,18:42,19:26,44,W005711,대기,충전실,2021-03-05
6,C002,쿠커 #2,23U01120,미스터피자레몬에이드(재),10:40,13:32,172,W003633,기타,쿠킹실,2021-03-07
8,D005,3.2마요,16B06008,이츠웰골드마요네즈3.2kg,15:25,15:30,5,W0056E2,온도 상승 지연,충전실,2021-03-08
6,C006,2동 쿠커 #3,26A01002,감자샐러드-P(재),8:50,9:06,16,W003313,장비 오염,쿠킹실,2021-03-09
2,D004,PET병,13D02140,세서미오리엔탈드레싱,6:34,6:48,14,W0056E1,노즐,충전실,2021-03-09
5,P004,PET#1,13R10009,베스트셀렉트머스타드520g,17:30,18:03,33,W007212,위치조정실패,포장실,2021-03-10
7,P002,파우치포장(#2),13P01020,미스터피자살사소스엠피,10:40,11:40,60,W007612,컨베이어,포장실,2021-03-14
7,C001,쿠커 #1,23P02106,미스터피자피자소스엠피(재),14:10,14:28,18,W003441,규격보정,쿠킹실,2021-03-15
8,C007,프리머 #1,23D01170,KFC마요드레싱3kg(재),16:31,17:12,41,W003451,냉각,쿠킹실,2021-03-16
14,C005,2동 쿠커 #4,26A02005,단호박샐러드바145g(재),20:30,20:45,15,W003452,충진 오류,쿠킹실,2021-03-17
13,D007,2동 6열컵실러#1,16A02005,단호박샐러드바145g,20:50,21:18,28,W005463,감도,충전실,2021-03-17
3,P004,PET#1,13R02056,이마트베스트콜슬로우드레싱,9:36,9:43,7,W0076A2,구동부,포장실,2021-03-17
12,C001,쿠커 #1,23P01020,미스터피자살사소스엠피(재),16:55,17:04,9,W003452,충진 오류,쿠킹실,2021-03-21
2,P004,PET#1,13D02080,참깨흑임자드레싱,9:48,11:15,87,W0076A2,구동부,포장실,2021-03-21
13,P004,PET#1,13D02080,참깨흑임자드레싱,17:33,18:07,34,W007212,위치조정실패,포장실,2021-03-21
23,D004,PET병,13D02156,오리엔탈드레싱225g,1:40,4:38,178,W005624,실바,충전실,2021-03-23
12,D005,3.2마요,16B06008,이츠웰골드마요네즈3.2kg,14:16,16:20,124,W005634,실바,충전실,2021-03-23
1,C002,쿠커 #2,23K01272,명인돈까스소스(재),9:25,10:50,85,W003312,전처리,쿠킹실,2021-03-24
3,C003,쿠커 #3,23D01157,이마트1000아일랜드드레싱540g(재),11:25,11:29,4,W003452,충진 오류,쿠킹실,2021-03-24
10,C007,프리머 #1,26B04008,소후레쉬마요네즈골드3.2kg(재),9:45,10:04,19,W003452,충진 오류,쿠킹실,2021-04-14
12,C007,프리머 #1,23V00005,단호박베이스-2(재),15:56,17:00,64,W003451,냉각,쿠킹실,2021-04-14
18,D004,PET병,13D02080,참깨흑임자드레싱,6:20,6:29,9,W0056B4,위치조정실패,충전실,2021-04-19
12,D004,PET병,13R02053,이마트베스트허브칠리소스,22:00,22:23,23,W005211,PSD패킹 교체,충전실,2021-04-21
19,D004,PET병,13D02080,참깨흑임자드레싱,19:04,19:12,8,W005811,센서 이상 감지,충전실,2021-04-25
16,D006,튜브,16B06014,이마트 고소한 마요네즈250g,16:30,16:34,4,W0054A1,미포장,충전실,2021-04-25
1,P004,PET#1,13R07008,베스트셀렉트허브칠리595g,12:30,13:00,30,W007212,위치조정실패,포장실,2021-04-28
7,C007,프리머 #1,26B06001,골드마요네즈(업소용)10kg(재),14:57,15:41,44,W003684,기타,쿠킹실,2021-05-04
14,D005,3.2마요,16B06050,신선하고깨끗한마요네즈,21:15,21:19,4,W005811,센서 이상 감지,충전실,2021-05-04
10,D008,파일롯 - 수동,13G01003,데리야끼소스-E,17:38,18:09,31,W005212,장비 오염,충전실,2021-05-04
5,C001,쿠커 #1,23P02106,미스터피자피자소스엠피(재),11:01,11:10,9,W003441,규격보정,쿠킹실,2021-05-06
10,D013,마요네즈 수동,13V00005,단호박베이스-2,12:21,12:25,4,W005A22,배합 실패 오류,충전실,2021-05-06
1,P004,PET#1,13D02111,아몬드호두드레싱,12:34,13:06,32,W007212,위치조정실패,포장실,2021-05-07
4,C001,쿠커 #1,23K01312,서비스면양념장(재),10:08,10:20,12,W003312,전처리,쿠킹실,2021-05-11
5,C001,쿠커 #1,23K01312,서비스면양념장(재),10:08,10:47,39,W003312,전처리,쿠킹실,2021-05-11
6,C002,쿠커 #2,23R06006,토마토갈릭소스-R(재),10:24,10:32,8,W003312,전처리,쿠킹실,2021-05-11
25,D004,PET병,13D02156,오리엔탈드레싱225g,20:44,20:52,8,W005811,센서 이상 감지,충전실,2021-05-11
6,C006,2동 쿠커 #3,26A02009,미스터피자단호박샐러드(재),11:10,11:43,33,W003312,전처리,쿠킹실,2021-05-12
9,D004,PET병,13R02052,이마트베스트스테이크소스,2:04,2:24,20,W005711,대기,충전실,2021-05-13
8,C002,쿠커 #2,23P01020,미스터피자살사소스엠피(재),15:15,15:41,26,W003452,충진 오류,쿠킹실,2021-05-16
2,D004,PET병,13D02080,참깨흑임자드레싱,9:16,10:40,84,W005A11,기타,충전실,2021-05-16
8,D004,PET병,13A00422,멸치볶음소스300g,17:08,17:18,10,W005811,센서 이상 감지,충전실,2021-05-20
2,C003,쿠커 #3,23S01328,비프파스타소스(재),8:48,9:51,63,W003312,전처리,쿠킹실,2021-05-23
5,D004,PET병,13D02080,참깨흑임자드레싱,11:46,12:01,15,W005811,센서 이상 감지,충전실,2021-05-23
3,C007,프리머 #1,23V00005,단호박베이스-2(재),10:16,11:12,56,W003684,기타,쿠킹실,2021-05-25
1,L002,전처리2실,23P20101,핸드피자소스(재),8:03,0:00,-483,W002443,기타,계량실,2021-05-26
7,C001,쿠커 #1,23K01312,서비스면양념장(재),10:39,11:24,45,W003312,전처리,쿠킹실,2021-05-30
2,C010,파일롯,23D04070,사쿠사쿠머스타드소스30g(재),15:47,16:05,18,W003551,온도 상승 지연,쿠킹실,2021-06-01
7,C001,쿠커 #1,23K01273,초대리-B 20kg(재),18:01,19:23,82,W003312,전처리,쿠킹실,2021-06-03
6,D003,로타리 #2,16B06028,디프라이스마요네즈-1 1kg,14:21,15:30,69,W005811,센서 이상 감지,충전실,2021-06-03
12,P002,파우치포장(#2),13U01149,블루베리시럽-KFC,6:44,6:48,4,W007691,센서 이상 감지,포장실,2021-06-04
14,C006,2동 쿠커 #3,26A01016,시아스고구마샐러드믹스(재),15:23,17:31,128,W003711,기타,쿠킹실,2021-06-08
8,D005,3.2마요,16B06050,신선하고깨끗한마요네즈,17:15,17:22,7,W005811,센서 이상 감지,충전실,2021-06-09
1,L001,전처리1실,23C01036,바다향굴소스(재),8:53,9:06,13,W002312,업체미입고(재료 미입고),계량실,2021-06-09
7,C002,쿠커 #2,23P01020,미스터피자살사소스엠피(재),13:00,14:05,65,W003312,전처리,쿠킹실,2021-06-13
7,C002,쿠커 #2,23P01231,이베스트피자소스(재),17:48,17:54,6,W003441,규격보정,쿠킹실,2021-06-16
2,D005,3.2마요,16B06050,신선하고깨끗한마요네즈,10:08,10:33,25,W005811,센서 이상 감지,충전실,2021-06-16
5,D005,3.2마요,16B04008,소후레쉬마요네즈골드3.2kg,15:00,15:09,9,W005315,생산 순서 오류,충전실,2021-06-16
14,C001,쿠커 #1,23L00005,토마토케찹18kg(재),13:08,17:05,237,W003673,기타,쿠킹실,2021-07-18
5,C002,쿠커 #2,23U01139,미스터피자블루베리시럽엠피(재),9:36,10:08,32,W003541,펌프이상,쿠킹실,2021-07-18
24,D004,PET병,13D02169,1/2샐러드소스스트로베리,7:28,7:37,9,W005711,대기,충전실,2021-07-21
22,D004,PET병,13D02166,참깨흑임자드레싱,15:37,15:42,5,W005811,센서 이상 감지,충전실,2021-07-26
8,D005,3.2마요,16B06003,골드마요네즈3.2kg,14:37,15:30,53,W005315,생산 순서 오류,충전실,2021-07-27
2,C003,쿠커 #3,23L00006,자연드림 상큼한 토마토케찹595g(재),9:58,10:40,42,W003321,생산 순서 오류,쿠킹실,2021-07-28
13,D004,PET병,13D02166,참깨흑임자드레싱,19:31,19:40,9,W005811,센서 이상 감지,충전실,2021-08-01
13,D004,PET병,13D02168,아몬드호두드레싱,3:15,3:21,6,W005811,센서 이상 감지,충전실,2021-08-09
8,D005,3.2마요,16B06008,이츠웰골드마요네즈3.2kg,14:00,14:23,23,W005431,제품 넘침 청소,충전실,2021-08-08
12,D005,3.2마요,16B06003,골드마요네즈3.2kg,19:20,19:26,6,W0056A3,은박교체,충전실,2021-08-08
3,C003,쿠커 #3,23A00440,샘표갈비소스900g-광구(재),15:50,16:55,65,W003322,업체미입고(재료 미입고),쿠킹실,2021-08-09
8,C006,2동 쿠커 #3,26A01002,감자샐러드-P(재),3:15,4:00,45,W0036B8,센서 이상 감지,쿠킹실,2021-08-11
4,D004,PET병,13D02173,올리브유발사믹드레싱,20:46,20:55,9,W005811,센서 이상 감지,충전실,2021-08-10
2,C010,파일롯,23P02113,스위트피자소스(재),9:53,10:26,33,W003441,규격보정,쿠킹실,2021-08-12
7,D001,3K 캔,13P01225,임실치즈피자소스골드-S,16:08,16:38,30,W005811,센서 이상 감지,충전실,2021-08-12
10,D004,PET병,13D02177,올리브유발사믹드레싱105g,21:20,21:40,20,W005811,센서 이상 감지,충전실,2021-08-12
17,D004,PET병,13D02168,아몬드호두드레싱,4:26,4:31,5,W005811,센서 이상 감지,충전실,2021-08-17
8,C001,쿠커 #1,23R01084,립소스5kg(재),17:18,17:26,8,W003441,규격보정,쿠킹실,2021-08-17
10,D004,PET병,13A00454,매운맛드레싱305g-수출,1:54,2:08,14,W005811,센서 이상 감지,충전실,2021-08-18
13,D004,PET병,13D02172,크리미시저드레싱,4:12,4:43,31,W005811,센서 이상 감지,충전실,2021-08-19
5,D006,튜브,16B06031,디프라이스마요네즈튜브,14:00,14:30,30,W005811,센서 이상 감지,충전실,2021-08-18
4,D011,2동 오리히로,16A01014,미스터피자고구마샐러드엠피,21:04,21:26,22,W005A11,기타,충전실,2021-08-23
9,D004,PET병,13D02174,세서미오리엔탈드레싱,9:35,9:38,3,W005811,센서 이상 감지,충전실,2021-08-25
4,D005,3.2마요,16B04008,소후레쉬마요네즈골드3.2kg,13:30,14:11,41,W005315,생산 순서 오류,충전실,2021-08-24
1,C004,쿠커 #4,23R02051,이마트베스트돈까스소스(재),8:19,8:57,38,W003316,생산 순서 오류,쿠킹실,2021-08-29
1,D002,로타리 #1,13K01272,명인돈까스소스,17:30,18:10,40,W0056B3,센서 이상 감지,충전실,2021-08-31
5,D003,로타리 #2,13S05061,미스터피자치킨스파게티소스,12:31,13:05,34,W005212,장비 오염,충전실,2021-09-01
8,C001,쿠커 #1,23S01107,비프스파게티소스(재),17:12,17:32,20,W003441,규격보정,쿠킹실,2021-09-06
6,D006,튜브,16B06013,이마트 고소한 마요네즈515g,14:04,14:22,18,W005811,센서 이상 감지,충전실,2021-09-08
3,C010,파일롯,23B01009,메론에이드(재),11:31,12:04,33,W0036A1,밸브,쿠킹실,2021-09-09
2,D004,PET병,13R02054,이마트베스트머스타드소스,9:38,11:27,109,W005811,센서 이상 감지,충전실,2021-09-09
5,C008,프리머 #2,26B06022,피자스쿨마요네즈(재),11:06,13:58,172,W003315,업체미입고(재료 미입고),쿠킹실,2021-09-16
3,C007,프리머 #1,26B06008,이츠웰골드마요네즈3.2kg(재),9:24,9:45,21,W003452,충진 오류,쿠킹실,2021-09-20
5,D004,PET병,13D02177,올리브유발사믹드레싱105g,8:02,8:06,4,W005811,센서 이상 감지,충전실,2021-09-21
1,C003,쿠커 #3,23D01188,오리엔탈레몬소스(재),8:50,9:18,28,W003471,온도 상승 지연,쿠킹실,2021-09-22
6,D002,로타리 #1,13U01139,미스터피자블루베리시럽엠피,14:22,16:22,120,W005711,대기,충전실,2021-09-27
10,D005,3.2마요,16B04008,소후레쉬마요네즈골드3.2kg,19:25,19:46,21,W005431,제품 넘침 청소,충전실,2021-09-27
4,D008,파일롯 - 수동,13B00064,모히토칵테일베이스,12:20,13:16,56,W005673,기타,충전실,2021-09-27
5,P004,PET#1,13D02165,레몬갈릭소스,21:00,21:05,5,W007911,공정 과부하,포장실,2021-10-31
10,P004,PET#1,13D02165,레몬갈릭소스,21:35,21:40,5,W0076C2,분사노즐,포장실,2021-10-31
5,C007,프리머 #1,26B03004,마요네즈-업소용18kg(재),13:51,14:29,38,W003471,온도 상승 지연,쿠킹실,2021-11-07
22,D004,PET병,13D02157,참깨흑임자드레싱495g,9:43,9:49,6,W005811,센서 이상 감지,충전실,2021-11-11
12,P004,PET#1,13D02168,아몬드호두드레싱,16:50,17:00,10,W007911,공정 과부하,포장실,2021-11-14
6,C005,2동 쿠커 #4,26A02009,미스터피자단호박샐러드(재),13:15,15:31,136,W0036B8,센서 이상 감지,쿠킹실,2021-11-15
16,P004,PET#1,13U01141,요리愛[애]요리당,23:30,23:43,13,W007911,공정 과부하,포장실,2021-11-16
9,D011,2동 오리히로,16A01001,고구마샐러드-P,12:50,13:35,45,W005A11,기타,충전실,2021-11-22
13,P004,PET#1,13D02166,참깨흑임자드레싱,13:42,13:52,10,W007911,공정 과부하,포장실,2021-11-22
9,C001,쿠커 #1,23P02106,미스터피자피자소스엠피(재),14:25,15:02,37,W003316,생산 순서 오류,쿠킹실,2021-11-23
7,D001,3K 캔,13P02106,미스터피자피자소스엠피,11:48,11:56,8,W005811,센서 이상 감지,충전실,2021-11-23
5,C008,프리머 #2,26B04001,구터스마요네즈골드1kg(재),12:14,13:16,62,W003452,충진 오류,쿠킹실,2021-11-24
4,D007,2동 6열컵실러#1,16A01006,고구마샐러드바145g,10:32,10:58,26,W005211,PSD패킹 교체,충전실,2021-11-24
13,C004,쿠커 #4,23D02177,올리브유발사믹드레싱105g(재),7:30,11:00,210,W003711,기타,쿠킹실,2021-11-29
1,C004,쿠커 #4,23D02080,참깨흑임자드레싱(재),8:28,11:00,152,W003711,기타,쿠킹실,2021-11-29
2,C008,프리머 #2,26B06062,유자마요네즈290g(재),9:14,11:45,151,W003411,냉동품 투입,쿠킹실,2021-11-29
1,D011,2동 오리히로,16A02010,시아스단호박샐러드,11:03,11:13,10,W005531,압축 오류,충전실,2021-11-30
5,C007,프리머 #1,26B06050,신선하고깨끗한마요네즈(재),10:07,10:47,40,W003683,진공,쿠킹실,2021-12-01
25,D003,로타리 #2,16B06022,피자스쿨마요네즈,19:42,21:00,78,W005633,컨베이어,충전실,2021-12-01
1,D004,PET병,13D02169,1/2샐러드소스스트로베리,9:30,9:31,1,W005811,센서 이상 감지,충전실,2021-12-02
11,D004,PET병,13D02163,스위트머스타드드레싱510g,21:14,21:26,12,W005431,제품 넘침 청소,충전실,2021-12-02
47,D004,PET병,13D02166,참깨흑임자드레싱,23:18,23:27,9,W005433,장비 오염,충전실,2021-12-05
27,D005,3.2마요,16B06003,골드마요네즈3.2kg,13:40,13:50,10,W005811,센서 이상 감지,충전실,2021-12-05
3,D013,마요네즈 수동,16B06001,골드마요네즈(업소용)10kg,9:56,10:45,49,W005315,생산 순서 오류,충전실,2021-12-05
8,D006,튜브,16B06031,디프라이스마요네즈튜브,14:16,14:23,7,W0056B2,분사노즐,충전실,2021-12-06
10,P004,PET#1,13D02159,올리브유발사믹드레싱525g,13:32,14:15,43,W007911,공정 과부하,포장실,2021-12-07
17,C006,2동 쿠커 #3,26A02005,단호박샐러드바145g(재),14:49,15:06,17,W0036B7,6열컵실러,쿠킹실,2021-12-08
12,P004,PET#1,13U01141,요리愛[애]요리당,11:35,12:14,39,W007911,공정 과부하,포장실,2021-12-08
9,D004,PET병,13D02167,스위트머스타드드레싱,13:39,13:40,1,W005811,센서 이상 감지,충전실,2021-12-09
25,D004,PET병,13D02166,참깨흑임자드레싱,19:29,19:50,21,W005431,제품 넘침 청소,충전실,2021-12-09
15,D013,마요네즈 수동,16B06001,골드마요네즈(업소용)10kg,14:31,15:22,51,W005811,센서 이상 감지,충전실,2021-12-09
13,D013,마요네즈 수동,16B01004,마요네즈S-1,17:09,18:03,54,W005711,대기,충전실,2021-12-12
6,D002,로타리 #1,13A00081,비비큐소스,11:00,12:08,68,W005621,그립퍼,충전실,2021-12-15
11,D002,로타리 #1,13A00081,비비큐소스,17:20,17:50,30,W005624,실바,충전실,2021-12-15
2,D004,PET병,13R02051,이마트베스트돈까스소스,9:31,9:43,12,W005811,센서 이상 감지,충전실,2021-12-19
5,D004,PET병,13D02171,1/2샐러드소스키위,21:32,21:33,1,W005433,장비 오염,충전실,2021-12-20
1,D004,PET병,13D02174,세서미오리엔탈드레싱,5:30,6:00,30,W005212,장비 오염,충전실,2021-12-21
2,D004,PET병,13D02174,세서미오리엔탈드레싱,6:10,6:20,10,W005431,제품 넘침 청소,충전실,2021-12-21
3,D004,PET병,13D01150,요리愛[애]사우전아일랜드드레싱,11:14,11:24,10,W005811,센서 이상 감지,충전실,2020-01-19
4,D004,PET병,13D01150,요리愛[애]사우전아일랜드드레싱,11:53,11:58,5,W005811,센서 이상 감지,충전실,2020-01-19
17,D006,튜브,13R04013,이마트돈까스소스600g,2:53,3:13,20,W005A11,기타,충전실,2020-01-27
1,L002,전처리2실,23P02106,미스터피자피자소스엠피(재),9:35,14:35,300,W002311,업체미입고(재료 미입고),계량실,2020-02-01
4,L001,전처리1실,23A00051,불닭용소스-1(재),13:45,13:54,9,W002311,업체미입고(재료 미입고),계량실,2020-02-06
11,C002,쿠커 #2,23P01020,미스터피자살사소스엠피(재),14:21,14:32,11,W003552,보일러 꺼짐,쿠킹실,2020-02-07
2,D008,파일롯 - 수동,13D01181,메론드레싱,9:50,9:56,6,W005674,노즐,충전실,2020-02-08
3,D004,PET병,13R02052,이마트베스트스테이크소스,18:23,18:23,0,W005212,장비 오염,충전실,2020-02-17
5,D004,PET병,13D02168,아몬드호두드레싱,18:36,18:41,5,W005432,제품 넘침 청소,충전실,2020-02-20
8,D004,PET병,13D02165,레몬갈릭소스,22:30,22:40,10,W0056GB,PSD패킹 교체,충전실,2020-02-20
1,C002,쿠커 #2,1.#JE+00,가쓰오우동다시(재),9:32,11:07,95,W003315,업체미입고(재료 미입고),쿠킹실,2020-02-21
6,C005,2동 쿠커 #4,26A04002,미스터피자펜네샐러드(재),8:30,12:00,210,W003471,온도 상승 지연,쿠킹실,2020-02-23
1,C008,프리머 #2,26B06024,이츠웰골드마요네즈1kg(재),9:07,9:35,28,W003452,충진 오류,쿠킹실,2020-02-24
4,D011,2동 오리히로,16A01001,고구마샐러드-P,16:50,17:11,21,W005419,기타,충전실,2020-02-28
10,D011,2동 오리히로,16A02010,시아스단호박샐러드,2:15,2:45,30,W0056CA,기타,충전실,2020-02-29
9,P004,PET#1,13D02166,참깨흑임자드레싱,21:37,21:48,11,W007911,공정 과부하,포장실,2020-02-28
7,D007,2동 6열컵실러#1,16A01007,감자샐러드바145g,16:11,16:33,22,W005646,센서 이상 감지,충전실,2020-03-01
1,C007,프리머 #1,26B03010,마요네즈-업소용153kg(재),8:30,10:29,119,W003673,기타,쿠킹실,2020-03-05
9,D001,3K 캔,13S01107,비프스파게티소스,14:35,14:44,9,W005432,제품 넘침 청소,충전실,2020-03-05
10,D002,로타리 #1,13A00013,맘스양념소스2kg,20:50,21:15,25,W005317,포장지 인쇄 불량,충전실,2020-03-07
16,D004,PET병,13D02161,참깨흑임자드레싱105g,17:28,17:39,11,W005431,제품 넘침 청소,충전실,2020-03-08
4,C002,쿠커 #2,23R10021,BK허니브라운머스타드(재),20:31,21:02,31,W003449,색상 이상,쿠킹실,2020-03-14
1,C008,프리머 #2,26B07004,바른선마요네즈3kg(재),13:34,14:35,61,W003459,기타,쿠킹실,2020-03-15
8,P004,PET#1,13D02170,1/2샐러드소스파인애플,13:15,13:30,15,W0076C4,기타,포장실,2020-03-15
6,C003,쿠커 #3,23D01169,이마트프리미엄참깨드레싱550g(재),21:50,22:08,18,W003445,점도이상,쿠킹실,2020-03-20
1,D001,3K 캔,13P03010,시아스피자소스,10:54,10:57,3,W0058Z9,기타,충전실,2020-03-26
6,D004,PET병,13D02175,오리엔탈드레싱,16:43,17:00,17,W0058Z9,기타,충전실,2020-03-27
3,C005,2동 쿠커 #4,26A01001,고구마샐러드-P(재),16:30,18:40,130,W003643,기타,쿠킹실,2020-04-04
4,D003,로타리 #2,13A00444,샘표매콤한떡볶이소스,13:15,14:20,65,W0056B2,분사노즐,충전실,2020-04-09
1,C005,2동 쿠커 #4,26A01014,미스터피자고구마샐러드엠피(재),13:52,14:26,34,W003312,전처리,쿠킹실,2020-04-10
1,C008,프리머 #2,26B06028,디프라이스마요네즈-1 1kg(재),8:30,9:23,53,W003315,업체미입고(재료 미입고),쿠킹실,2020-04-11
7,C005,2동 쿠커 #4,26A02010,시아스단호박샐러드(재),18:00,19:00,60,W003452,충진 오류,쿠킹실,2020-04-13
4,D005,3.2마요,16B04008,소후레쉬마요네즈골드3.2kg,12:28,12:35,7,W005732,업체미입고(용기 미입고),충전실,2020-04-17
6,D006,튜브,13L01001,이마트 야채케챱600g,12:40,16:30,230,W005712,공정 과부하,충전실,2020-04-17
5,P004,PET#1,13D02164,아몬드호두드레싱495g,16:24,16:24,0,W007541,냉각(칠러),포장실,2020-04-20
6,C002,쿠커 #2,23R01105,폭립바베큐소스-T(재),20:17,21:03,46,W003444,점도이상,쿠킹실,2020-04-26
5,D006,튜브,16B06058,디프라이스마요네즈500g,15:45,16:29,44,W0054A1,미포장,충전실,2020-04-26
8,D011,2동 오리히로,16A02010,시아스단호박샐러드,8:55,9:19,24,W0058Z1,대차 적재 공간 부족,충전실,2020-04-27
2,D003,로타리 #2,13S01337,뽀모도로스파게티소스100g,0:30,1:30,60,W005212,장비 오염,충전실,2020-08-08
4,D003,로타리 #2,13S01338,볼로네즈스파게티소스100g,6:00,6:40,40,W005212,장비 오염,충전실,2020-08-09
1,C002,쿠커 #2,23A00488,갈비양념(재),8:36,9:28,52,W003316,생산 순서 오류,쿠킹실,2020-08-28
7,D002,로타리 #1,13D04106,허니머스타드소스골드,14:10,14:40,30,W005622,센서 이상 감지,충전실,2020-09-13
12,D004,PET병,13D02190,참깨흑임자드레싱-P,6:51,6:56,5,W005432,제품 넘침 청소,충전실,2020-09-18
17,D004,PET병,13D02190,참깨흑임자드레싱-P,13:39,13:59,20,W005431,제품 넘침 청소,충전실,2020-09-18
4,D003,로타리 #2,13S01335,토마토스파게티소스골드,3:20,3:40,20,W005A11,기타,충전실,2020-09-20
4,D001,3K 캔,13S01310,임실치즈피자비프스파게티소스,15:30,15:50,20,W0056A1,전기설비오류,충전실,2020-10-10
8,D003,로타리 #2,13S01334,치즈크림스파게티소스골드,12:31,13:04,33,W005212,장비 오염,충전실,2020-10-11
1,P004,PET#1,13D02195,쉐프메이드세서미오리엔탈,9:11,9:33,22,W0076C4,기타,포장실,2020-10-10
1,D004,PET병,13R02052,이마트베스트스테이크소스,10:23,10:28,5,W005432,제품 넘침 청소,충전실,2020-10-11
1,L001,전처리1실,1.#JE+00,가쓰오우동다시(재),7:25,9:15,110,W002311,업체미입고(재료 미입고),계량실,2020-10-17
4,P004,PET#1,13R04004,스마트이팅1/2나트륨돈까스소스,5:40,5:58,18,W0078AA,기타,포장실,2020-10-19
3,C002,쿠커 #2,23D04104,키위드레싱골드(재),17:00,17:07,7,W003444,점도이상,쿠킹실,2020-10-26
1,D005,3.2마요,16B04003,해표골드마요네즈,9:49,10:15,26,W005318,업체미입고(용기 미입고),충전실,2020-10-26
1,L001,전처리1실,23K01295,갈릭스테이크소스(재),9:20,9:47,27,W002313,생산 순서 오류,계량실,2020-10-29
2,C007,프리머 #1,26B06003,골드마요네즈3.2kg(재),9:42,10:39,57,W003119,기타,쿠킹실,2020-11-06
6,D001,3K 캔,13P02106,미스터피자피자소스엠피,14:23,15:11,48,W005469,기타,충전실,2020-11-07
4,P004,PET#1,13D02203,아몬드호두드레싱-P 495g,21:18,21:40,22,W007541,냉각(칠러),포장실,2020-11-09
2,D002,로타리 #1,1.#JE+00,가쓰오우동다시,10:46,11:00,14,W005629,기타,충전실,2020-11-16
3,C010,파일롯,23K01276,로스트소스(재),10:28,11:27,59,W003444,점도이상,쿠킹실,2020-11-22
5,D001,3K 캔,13P03010,시아스피자소스,17:30,17:46,16,W0056E2,온도 상승 지연,충전실,2020-12-04
2,C010,파일롯,23G02033,DS매운강정소스(재),13:48,14:15,27,W003444,점도이상,쿠킹실,2020-12-06
7,D003,로타리 #2,13S01339,베이컨크림스파게티소스100g,0:30,1:30,60,W005A11,기타,충전실,2020-12-07
4,C001,쿠커 #1,23L00010,토마토케찹153kg(재),13:18,13:46,28,W003444,점도이상,쿠킹실,2020-12-12
4,D006,튜브,16B06068,G-price마요네즈500g,15:54,15:59,5,W005834,노즐,충전실,2020-12-18
3,P005,3.2K마요포장(#5),16B04003,해표골드마요네즈,11:51,11:57,6,W007315,박스 준비,포장실,2020-12-19
11,D001,3K 캔,13S01010,시아스비프스파게티소스,18:36,18:37,1,W0058Z9,기타,충전실,2020-12-27
2,D005,3.2마요,16B04003,해표골드마요네즈,9:53,10:08,15,W005817,라벨부착 오류,충전실,2020-01-03
11,C010,파일롯,23P09011,하임불고기피자소스2kg(재),17:01,17:06,5,W003322,업체미입고(재료 미입고),쿠킹실,2020-01-04
9,D001,3K 캔,13P03010,시아스피자소스,16:17,16:26,9,W005318,업체미입고(용기 미입고),충전실,2020-01-04
1,D006,튜브,1.#JE+00,이마트참치액,10:20,10:50,30,W005831,청소,충전실,2020-01-09
2,D006,튜브,1.#JE+00,이마트가쓰오다시국물,17:00,17:34,34,W0056K1,실린더,충전실,2020-01-18
4,C002,쿠커 #2,23K01304,데미그라스소스-P(재),14:20,14:43,23,W003449,색상 이상,쿠킹실,2020-01-21
5,D006,튜브,13A00514,샘표 KALBI SAUCE964g(미국수출),10:09,10:22,13,W005693,기타,충전실,2020-01-25
4,C002,쿠커 #2,23A00433,매콤깐풍소스-R(재),16:51,17:14,23,W003212,위치조정실패,쿠킹실,2020-02-01
5,D005,3.2마요,16B04008,소후레쉬마요네즈골드3.2kg,18:18,18:25,7,W005815,아이마크,충전실,2020-02-01
6,D005,3.2마요,16B04008,소후레쉬마요네즈골드3.2kg,18:37,18:39,2,W005817,라벨부착 오류,충전실,2020-02-01
1,D002,로타리 #1,1.#JE+00,참살이요리용국물쇠고기맛,8:40,9:30,50,W005621,그립퍼,충전실,2020-05-09
7,D002,로타리 #1,13D01165,사우전아일랜드-K,18:35,19:05,30,W005621,그립퍼,충전실,2020-05-09
3,D001,3K 캔,13P01040,임실앤치즈피자소스,15:05,15:48,43,W005315,생산 순서 오류,충전실,2020-05-29
2,D005,3.2마요,16B04003,해표골드마요네즈,19:56,20:32,36,W005817,라벨부착 오류,충전실,2020-06-12
2,D005,3.2마요,16B04003,해표골드마요네즈,10:43,10:49,6,W005833,위치조정실패,충전실,2020-06-21
4,C010,파일롯,23B00051,짚쌩비타키위베이스(재),14:36,14:48,12,W003442,QA 규격 오류,쿠킹실,2020-06-24
2,C002,쿠커 #2,23K01277,핫로스트소스(재),15:51,16:07,16,W003444,점도이상,쿠킹실,2020-06-28
8,C003,쿠커 #3,23R10024,요리애허니머스타드260g(재),11:20,11:38,18,W003532,압력 부족,쿠킹실,2020-07-10
5,D006,튜브,13R10024,요리애허니머스타드260g,11:28,11:37,9,W005531,압축 오류,충전실,2020-07-10
4,C010,파일롯,23D03082,딸기드레싱(재),13:07,13:20,13,W003451,냉각,쿠킹실,2020-07-11
5,D005,3.2마요,16B04003,해표골드마요네즈,14:44,14:50,6,W005813,라벨교체,충전실,2020-07-11
11,C001,쿠커 #1,23P02106,미스터피자피자소스엠피(재),18:38,19:30,52,W003444,점도이상,쿠킹실,2020-07-15
3,D003,로타리 #2,13A00526,무교동오징어낙지볶음양념130g,10:45,11:29,44,W0056B2,분사노즐,충전실,2020-07-15
5,C010,파일롯,23R01109,숯불바베큐소스(재),16:29,16:35,6,W003442,QA 규격 오류,쿠킹실,2020-07-24
3,D006,튜브,13L00006,자연드림 상큼한 토마토케찹595g,11:20,11:55,35,W005312,용기불량,충전실,2020-07-24
1,C002,쿠커 #2,23B00047,흑초차베이스(재),10:29,10:36,7,W003511,용수탱크 저수위,쿠킹실,2020-07-26
7,D003,로타리 #2,16B06024,이츠웰골드마요네즈1kg,15:45,16:18,33,W0058Z1,대차 적재 공간 부족,충전실,2020-08-01
2,C001,쿠커 #1,23L00008,토마토케찹자사용(재),13:00,15:23,143,W003711,기타,쿠킹실,2020-08-05
1,D005,3.2마요,16B04003,해표골드마요네즈,11:30,12:17,47,W005817,라벨부착 오류,충전실,2020-08-05
5,C001,쿠커 #1,23P02106,미스터피자피자소스엠피(재),14:58,15:28,30,W003444,점도이상,쿠킹실,2020-08-13
3,C003,쿠커 #3,23R04009,돈까스소스1.95kg(재),12:55,13:02,7,W003446,산도(ph) 이상,쿠킹실,2020-08-15
5,C010,파일롯,23R04018,디엔돈까스소스(재),17:10,17:19,9,W003442,QA 규격 오류,쿠킹실,2020-09-02
3,D005,3.2마요,16B04008,소후레쉬마요네즈골드3.2kg,20:15,20:54,39,W005817,라벨부착 오류,충전실,2020-09-04
3,D005,3.2마요,16B06003,골드마요네즈3.2kg,9:38,9:47,9,W005812,구동부,충전실,2020-09-05
1,D013,마요네즈 수동,16B03002,마요네즈-업소용10kg,9:23,9:39,16,W005315,생산 순서 오류,충전실,2020-09-09
5,D005,3.2마요,16B04003,해표골드마요네즈,16:08,16:23,15,W005315,생산 순서 오류,충전실,2020-09-16
1,C095,2동 쿠커 #1,2AA01011,포도푸딩-W(1구)(재),14:20,17:11,171,W0036Bc,푸딩 충전기,쿠킹실,2020-09-26
3,D003,로타리 #2,13A00498,춘천닭갈비양념180g,6:00,6:40,40,W0056B2,분사노즐,충전실,2020-10-17
2,D002,로타리 #1,13L00007,토마토케찹2kg,16:51,17:20,29,W005623,컨베이어,충전실,2020-10-24
1,C002,쿠커 #2,23G01010,일식데리야끼소스(재),8:30,8:42,12,W003446,산도(ph) 이상,쿠킹실,2020-10-28
3,C001,쿠커 #1,23K01280,파파이스핑거휠레소스(재),9:56,10:01,5,W003442,QA 규격 오류,쿠킹실,2020-10-29
1,C001,쿠커 #1,23A00015,에디슨양념치킨소스3.2kg(재),11:02,11:10,8,W003442,QA 규격 오류,쿠킹실,2020-11-07
2,C001,쿠커 #1,23P02106,미스터피자피자소스엠피(재),16:58,17:01,3,W003442,QA 규격 오류,쿠킹실,2020-11-20
3,C001,쿠커 #1,23P02106,미스터피자피자소스엠피(재),17:50,18:06,16,W003442,QA 규격 오류,쿠킹실,2020-11-20
6,C003,쿠커 #3,23S01335,토마토스파게티소스골드(재),15:19,15:22,3,W003442,QA 규격 오류,쿠킹실,2020-11-28
5,D001,3K 캔,13P02106,미스터피자피자소스엠피,18:09,18:43,34,W005833,위치조정실패,충전실,2020-12-12
2,P003,파우치포장(#3),16B06022,피자스쿨마요네즈,15:30,17:04,94,W007316,생산 순서 오류,포장실,2020-12-16
4,C001,쿠커 #1,23S01107,비프스파게티소스(재),18:59,19:02,3,W003442,QA 규격 오류,쿠킹실,2020-12-17
2,L001,전처리1실,23S01010,시아스비프스파게티소스(재),8:30,10:51,141,W002313,생산 순서 오류,계량실,2016-08-15
1,D002,로타리 #1,13K01413,치커리샐러드용소스,18:36,19:55,79,W005629,기타,충전실,2016-08-16
2,L001,전처리1실,23K01335,어니언살사소스(재),10:21,11:23,62,W002311,업체미입고(재료 미입고),계량실,2016-09-16
1,C001,쿠커 #1,23K01273,초대리-B 20kg(재),8:33,8:37,4,W003312,전처리,쿠킹실,2016-10-20
1,D006,튜브,13D01218,시아스올리브유오리엔탈드레싱975g,16:40,19:20,160,W005A11,기타,충전실,2016-11-13
2,C002,쿠커 #2,23A00006,명인떡볶이소스(재),17:17,17:38,21,W003442,QA 규격 오류,쿠킹실,2016-11-19
3,C001,쿠커 #1,23P02106,미스터피자피자소스엠피(재),17:17,17:28,11,W003442,QA 규격 오류,쿠킹실,2016-12-08
3,D003,로타리 #2,16B04016,마요네즈골드(서브큐),17:00,20:47,227,W005712,공정 과부하,충전실,2019-01-20
1,C001,쿠커 #1,23L00015,네네토마토케첩153kg(재),13:30,13:45,15,W003711,기타,쿠킹실,2019-01-23
1,C002,쿠커 #2,23R04024,오리지널멘츠카츠소스(재),19:05,19:07,2,W003447,산도(ph) 이상,쿠킹실,2019-01-26
4,C010,파일롯,23D04120,크라제허니소스1kg(재),17:44,18:30,46,W003442,QA 규격 오류,쿠킹실,2019-01-27
2,D011,2동 오리히로,16A01002,감자샐러드-P,14:07,16:30,143,W005653,기타,충전실,2019-02-05
2,L001,전처리1실,23A00041,간장양념치킨소스2kg(재),11:42,14:19,157,W002311,업체미입고(재료 미입고),계량실,2019-02-10
1,D006,튜브,13L00006,자연드림 상큼한 토마토케찹595g,13:30,14:17,47,W005A11,기타,충전실,2019-02-23
2,P006,튜브포장(#6),13L00006,자연드림 상큼한 토마토케찹595g,13:35,14:10,35,W0078AA,기타,포장실,2019-02-23
1,C003,쿠커 #3,23A00484,샘표갈비소스900g(재),10:45,11:46,61,W003315,업체미입고(재료 미입고),쿠킹실,2019-02-25
2,C007,프리머 #1,26B06003,골드마요네즈3.2kg(재),12:12,13:29,77,W003489,기타,쿠킹실,2019-03-12
2,C010,파일롯,23B00085,생과일복분자딸기베이스(재),16:56,17:16,20,W003451,냉각,쿠킹실,2019-03-25
3,C001,쿠커 #1,23P14010,이석민피자소스(재),18:50,18:37,-13,W003442,QA 규격 오류,쿠킹실,2019-04-01
1,D010,벌크(캔),13U01121,감자샐러드용당시럽,8:39,8:59,20,W005315,생산 순서 오류,충전실,2019-04-10
1,P004,PET#1,13R10033,맛을더해주는머스타드소스260g,9:00,10:00,60,W007311,라벨 미입고,포장실,2019-04-22
1,C010,파일롯,23B00085,생과일복분자딸기베이스(재),10:00,10:23,23,W003451,냉각,쿠킹실,2019-04-28
2,D007,2동 6열컵실러#1,16A04016,올바른샐러드참치100g,14:30,15:45,75,W005912,원료 미입고,충전실,2019-05-06
6,P004,PET#1,13D02192,쉐프메이드오리엔탈드레싱,8:30,9:20,50,W007311,라벨 미입고,포장실,2019-05-08
2,C001,쿠커 #1,23L00015,네네토마토케첩153kg(재),12:08,12:50,42,W003312,전처리,쿠킹실,2019-05-15
1,C007,프리머 #1,26B04007,소후레쉬마요네즈골드(재),9:07,9:59,52,W003553,스팀 압력,쿠킹실,2019-05-26
4,P006,튜브포장(#6),13D01235,프리미엄오리엔탈드레싱1kg,11:05,13:20,135,W007315,박스 준비,포장실,2019-05-29
5,D003,로타리 #2,16B06024,이츠웰골드마요네즈1kg,13:50,14:04,14,W005712,공정 과부하,충전실,2019-06-10
2,C002,쿠커 #2,23U01165,초코시럽-BK(재),19:28,19:58,30,W003442,QA 규격 오류,쿠킹실,2019-06-18
2,C001,쿠커 #1,23V00013,고구마베이스M,9:28,9:50,22,W003442,QA 규격 오류,쿠킹실,2019-06-23
5,C002,쿠커 #2,23C01036,바다향굴소스(재),13:00,13:42,42,W003442,QA 규격 오류,쿠킹실,2019-06-23
1,C010,파일롯,23A01066,닭볶음탕소스-R(재,12:16,12:38,22,W003442,QA 규격 오류,쿠킹실,2019-11-09
1,C001,쿠커 #1,23L00015,네네토마토케첩153kg(재),11:22,12:20,58,W003622,본체 고장,쿠킹실,2019-12-01
2,C010,파일롯,23K01425,브리또용핫소스2kg(재),19:30,20:27,57,W003445,점도이상,쿠킹실,2019-12-01
3,D009,파일롯 - 소포장,13A00608,멸치칼국수액상스프35g,15:25,16:20,55,W0054E1,온도 상승 지연,충전실,2019-12-08
1,D007,2동 6열컵실러#1,16A06005,씨제이두부샐러드고구마-세트,7:10,8:15,65,W005645,실린더,충전실,2019-12-30
1,D007,2동 6열컵실러#1,16A06005,씨제이두부샐러드고구마-세트,7:10,8:15,65,W005645,실린더,충전실,2019-12-30
2,C007,프리머 #1,26B06080,골드마요네즈(업소용)-T(재),9:03,10:02,59,W003553,스팀 압력,쿠킹실,2018-01-04
6,D004,PET병,13A00655,이지쿡간장소스295g,11:53,12:01,8,W005712,공정 과부하,충전실,2018-06-20
8,D010,벌크(캔),13K03128,크라제바베큐소스18kg,16:40,17:37,57,W005113,부족,충전실,2018-06-20
1,C007,프리머 #1,26B03002,마요네즈-업소용10kg(재),9:14,9:30,16,W003321,생산 순서 오류,쿠킹실,2018-07-13
2,C007,프리머 #1,26B06003,골드마요네즈3.2kg(재),8:30,10:40,130,W003321,생산 순서 오류,쿠킹실,2018-08-10
1,C007,프리머 #1,26B04006,마요네즈-제빵용18kg(재),8:46,11:06,140,W003314,생산 순서 오류,쿠킹실,2018-08-26
8,C001,쿠커 #1,23L00008,토마토케찹자사용(재),13:57,15:23,86,W003572,정지,쿠킹실,2018-09-06
1,C010,파일롯,23D04125,카츠젠사우전아일랜드드레싱2kg(재),14:28,15:19,51,W003443,업체미입고(용기 미입고),쿠킹실,2018-09-30
1,D006,튜브,13L00026,상큼한토마토케찹(595g),13:30,14:06,36,W0058Z9,기타,충전실,2018-10-05
2,C010,파일롯,23A00353,명인순두부소스2kg(재),17:10,18:13,63,W003572,정지,쿠킹실,2018-10-06
3,C010,파일롯,23K01433,고추장소스(재),16:25,17:04,39,W003645,모터이상,쿠킹실,2018-10-07
4,C096,2동 쿠커 #2,23R04027,하송돈까스소스2kg(재),3:30,4:20,50,W003311,계량실,쿠킹실,2018-10-18
1,C002,쿠커 #2,23A00576,오리지널강정소스(재),14:30,16:27,117,W003315,업체미입고(재료 미입고),쿠킹실,2018-10-19
2,C005,2동 쿠커 #4,26A06006,씨제이두부샐러드감자-세트(재),8:30,10:20,110,W003318,볶음,쿠킹실,2018-10-26
4,C010,파일롯,23R06007,샌드위치소스(재),11:17,11:28,11,W003313,장비 오염,쿠킹실,2018-10-26
3,C002,쿠커 #2,23R09020,치즈소스-BK(재),5:28,5:52,24,W003711,기타,쿠킹실,2018-10-28
1,C001,쿠커 #1,21501131,조미유-쉐프솔루션베이스볶음밥(시즌)(재),14:00,15:37,97,W003325,기타,쿠킹실,2018-11-14
7,C010,파일롯,23R13026,명품갈릭딥핑치즈소스(재),15:53,16:36,43,W0036A3,기타,쿠킹실,2018-11-17
1,C008,프리머 #2,26B06048,천년풍미퓨어마요네즈(재),9:25,9:52,27,W003317,업체미입고(재료 미입고),쿠킹실,2018-11-24
3,C001,쿠커 #1,23A00613,비빔소스-S 40g(재),9:20,9:57,37,W003411,냉동품 투입,쿠킹실,2018-12-05
5,C001,쿠커 #1,23K03128,크라제바베큐소스18kg(재),14:17,14:54,37,W003311,계량실,쿠킹실,2018-12-22
2,L001,전처리1실,23R09038,갈릭렌치소스(1kg)(재),9:22,14:19,297,W002311,업체미입고(재료 미입고),계량실,2018-12-23
2,C002,쿠커 #2,23D16015,기로스머스타드소스(재),13:40,14:12,32,W003312,전처리,쿠킹실,2018-12-27
4,C003,쿠커 #3,23D02215,올리브유발사믹드레싱2kg(재),8:30,10:24,114,W003111,장비 오염,쿠킹실,2017-01-02
3,P006,튜브포장(#6),13A00587,샘표갈비소스840g-미국,18:20,19:31,71,W007315,박스 준비,포장실,2017-01-06
1,C002,쿠커 #2,23A00627,단팥퐁듀소스3kg-E(재),8:37,8:40,3,W003445,점도이상,쿠킹실,2017-01-11
2,C008,프리머 #2,26B06092,자연드림산뜻한마요네즈250g(재),8:30,10:55,145,W003315,업체미입고(재료 미입고),쿠킹실,2017-01-20
2,C007,프리머 #1,23V00005,단호박베이스-2(재),8:30,9:36,66,W003315,업체미입고(재료 미입고),쿠킹실,2017-01-31
3,C001,쿠커 #1,23L00015,네네토마토케첩153kg(재),10:25,11:01,36,W003571,체인,쿠킹실,2017-02-01
6,C002,쿠커 #2,23A00621,순두부양념장-S(재),0:50,0:59,9,W003311,계량실,쿠킹실,2017-02-02
9,D0035,2동 로타리#3,13K03131,빠네크림소스T,4:17,5:28,71,W0056F8,실린더,충전실,2017-02-07
1,C008,프리머 #2,26B06095,골드마요네즈3.2kg(캡파우치)(재),8:30,10:41,131,W003317,업체미입고(재료 미입고),쿠킹실,2017-02-09
3,C010,파일롯,23R01109,숯불바베큐소스(재),11:06,11:14,8,W003442,QA 규격 오류,쿠킹실,2017-02-09
4,C010,파일롯,23D01158,키위드레싱-R(재),11:49,11:54,5,W003442,QA 규격 오류,쿠킹실,2017-02-13
8,D088,냉동밥 내포장#1,1BA03069,CJ낙지볶음밥*5ea,13:40,13:50,10,W005211,PSD패킹 교체,충전실,2017-02-16
7,P022,냉동밥 외포장#2,1BA03158,비비고불고기비빔밥200g,12:30,13:00,30,W007461,기기세팅,포장실,2017-02-16
3,C002,쿠커 #2,23D13030,시아스칠리소스2kg(재),12:09,13:27,78,W003444,점도이상,쿠킹실,2017-02-17
15,C088,냉동밥 취반#1,2BA03056,야채볶음밥베이스3kg(재),10:54,12:01,67,W0034B1,공정 과부하,쿠킹실,2017-03-03
24,C088,냉동밥 취반#1,2BA03047,시아스야채볶음밥3kg(재),21:40,22:35,55,W0034B1,공정 과부하,쿠킹실,2017-03-03
2,C087,냉동밥 취반#2,2BA03157,비비고낙지비빔밥200g(재),8:30,10:54,144,W003312,전처리,쿠킹실,2017-03-06
15,D087,냉동밥 내포장#2,1BA03200,비비고새우볶음밥210g(알밥),19:00,19:00,0,W0054F1,공정 과부하,충전실,2017-03-08
9,D088,냉동밥 내포장#1,1BA03211,AAF곤드레나물밥250g(알밥)*,9:00,10:00,60,W0054F2,장비 오염,충전실,2017-03-09
16,D088,냉동밥 내포장#1,1BA03211,AAF곤드레나물밥250g(알밥)*,17:09,18:01,52,W005722,공정 과부하,충전실,2017-03-09
18,C088,냉동밥 취반#1,2BA03093,비비고취나물밥200g(재),5:50,7:16,86,W0034B1,공정 과부하,쿠킹실,2017-03-11
6,C003,쿠커 #3,23R10026,Sias허니브라운머스타드960g(재),8:57,9:02,5,W003442,QA 규격 오류,쿠킹실,2017-03-14
16,C087,냉동밥 취반#2,2BA03157,비비고낙지비빔밥200g(재),12:30,13:30,60,W0034C1,별도구작업,쿠킹실,2017-03-14
12,C088,냉동밥 취반#1,2BA03174,통새우볶음밥(노브랜드)(재),9:30,11:00,90,W0034B2,장비 오염,쿠킹실,2017-03-14
24,C088,냉동밥 취반#1,2BA03064,CJ해물볶음밥(재),4:26,5:25,59,W0034B1,공정 과부하,쿠킹실,2017-03-15
25,D088,냉동밥 내포장#1,1BA03070,CJ해물볶음밥/20개입,11:06,11:16,10,W0056S6,기타,충전실,2017-03-15
17,C002,쿠커 #2,23K01304,데미그라스소스-P(재),15:22,15:47,25,W003442,QA 규격 오류,쿠킹실,2017-03-15
12,D013,마요네즈 수동,13V00005,단호박베이스-2,11:16,11:24,8,W005A11,기타,충전실,2017-03-15
11,D045,병(PET)12열충전,13D02270,발사믹올리브유드레싱525g,10:11,10:55,44,W005817,라벨부착 오류,충전실,2017-03-15
5,D087,냉동밥 내포장#2,1BA03158,비비고불고기비빔밥200g,6:45,8:52,127,W0054F1,공정 과부하,충전실,2017-03-15
6,C087,냉동밥 취반#2,2BA03200,비비고새우볶음밥210g(알밥)(재),7:40,10:00,140,W0034C1,별도구작업,쿠킹실,2017-03-16
21,C088,냉동밥 취반#1,2BA03159,비비고깍두기볶음밥200g(재),19:20,20:00,40,W003318,볶음,쿠킹실,2017-03-16
25,C088,냉동밥 취반#1,2BA03175,매콤낙지볶음밥(노브랜드)(재),2:50,3:30,40,W0034C1,별도구작업,쿠킹실,2017-03-17
10,C007,프리머 #1,26B03005,마요네즈-P(현미유)/국산난황(재),13:59,14:18,19,W003711,기타,쿠킹실,2017-03-17
29,C087,냉동밥 취반#2,2BA03201,비비고닭가슴살볶음밥210g(알밥)(재),6:50,7:30,40,W003721,충진 오류,쿠킹실,2017-03-18
16,D088,냉동밥 내포장#1,1BA03164,퀴노아렌틸콩현미볶음밥1kg,17:17,19:30,133,W005722,공정 과부하,충전실,2017-03-18
8,C010,파일롯,23G02022,매콤파닭소스(재),19:10,19:56,46,W003442,QA 규격 오류,쿠킹실,2017-03-20
11,C088,냉동밥 취반#1,2BA03065,CJ햄야채볶음밥(재),23:10,0:02,52,W0034B1,공정 과부하,쿠킹실,2017-03-21
15,C008,프리머 #2,26B06077,시아스골드마요네즈2kg-에스그린(재),11:10,13:46,156,W003452,충진 오류,쿠킹실,2017-03-21
41,D088,냉동밥 내포장#1,1BA03004,새우볶음밥300g,4:13,4:37,24,W0054F1,공정 과부하,충전실,2017-03-22
14,P021,냉동밥 외포장#1,1BA03216,AAF게살새우볶음밥(알밥)*,11:50,13:32,102,W0079AA,기타,포장실,2017-03-21
6,D088,냉동밥 내포장#1,1BA03211,AAF곤드레나물밥250g(알밥)*,10:16,10:32,16,W005722,공정 과부하,충전실,2017-03-22
15,C087,냉동밥 취반#2,2BA03200,비비고새우볶음밥210g(알밥)(재),12:00,12:20,20,W003721,충진 오류,쿠킹실,2017-03-23
16,C088,냉동밥 취반#1,2BA03217,AAF장조림볶음밥(알밥)(재)*,13:42,14:30,48,W0034B1,공정 과부하,쿠킹실,2017-03-23
19,C088,냉동밥 취반#1,2BA03159,비비고깍두기볶음밥200g(재),21:30,21:59,29,W003721,충진 오류,쿠킹실,2017-03-23
23,P021,냉동밥 외포장#1,1BA03159,비비고깍두기볶음밥200g,22:20,22:54,34,W0079AA,기타,포장실,2017-03-23
8,P021,냉동밥 외포장#1,1BA03006,김치볶음밥300g,13:43,15:45,122,W0079AA,기타,포장실,2017-03-24
15,P021,냉동밥 외포장#1,1BA03051,쉐프솔루션베이스볶음밥(시즌)500g,2:52,4:50,118,W007471,품목교체,포장실,2017-03-25
8,D088,냉동밥 내포장#1,1BA03099,새우볶음밥-S 200g,19:13,20:31,78,W0056S6,기타,충전실,2017-03-25
9,D045,병(PET)12열충전,13D02247,참깨&흑임자드레싱-N 220g,14:13,14:30,17,W0058Z9,기타,충전실,2017-03-27
17,D088,냉동밥 내포장#1,1BA03137,매드포갈릭갈릭버터라이스300g,0:20,1:30,70,W005722,공정 과부하,충전실,2017-03-28
22,D088,냉동밥 내포장#1,1BA03137,매드포갈릭갈릭버터라이스300g,4:35,5:06,31,W005724,위치조정실패,충전실,2017-03-28
19,D088,냉동밥 내포장#1,1BA03065,CJ햄야채볶음밥*5ea,22:02,23:05,63,W0054F1,공정 과부하,충전실,2017-04-07
22,D088,냉동밥 내포장#1,1BA03065,CJ햄야채볶음밥*5ea,23:05,23:56,51,W005722,공정 과부하,충전실,2017-04-07
12,C088,냉동밥 취반#1,2BA03034,소후레쉬야채볶음밥3kg(재),17:30,19:00,90,W0034B2,장비 오염,쿠킹실,2017-04-11
21,D087,냉동밥 내포장#2,1BA03200,비비고새우볶음밥210g(알밥),0:10,0:50,40,W005722,공정 과부하,충전실,2017-04-14
10,C088,냉동밥 취반#1,2BA03229,야채현미밥H10kg(재),10:30,12:00,90,W0034B2,장비 오염,쿠킹실,2017-04-15
9,D087,냉동밥 내포장#2,1BA03201,비비고닭가슴살볶음밥210g(알밥),19:18,21:00,102,W0054F1,공정 과부하,충전실,2017-04-15
23,D087,냉동밥 내포장#2,1BA03157,비비고낙지비빔밥200g,9:57,10:22,25,W005722,공정 과부하,충전실,2017-04-18
3,C010,파일롯,23G02027,매운바베큐양념소스-수출(재),8:59,9:13,14,W003444,점도이상,쿠킹실,2017-04-20
15,C088,냉동밥 취반#1,2BA03065,CJ햄야채볶음밥(재),16:30,17:00,30,W0034B1,공정 과부하,쿠킹실,2017-04-20
19,C088,냉동밥 취반#1,2BA03064,CJ해물볶음밥(재),2:35,3:35,60,W0034B1,공정 과부하,쿠킹실,2017-04-21
12,D0036,로타리 #5,16B06086,화이트마요-M(2kg),14:45,15:20,35,W005113,부족,충전실,2017-04-20
14,C045,쿠커 #5,23D02295,킹즈레몬소스(재),14:38,15:02,24,W003444,점도이상,쿠킹실,2017-04-21
26,C087,냉동밥 취반#2,2BA03217,AAF장조림볶음밥(알밥)(재)*,2:10,3:00,50,W003721,충진 오류,쿠킹실,2017-04-22
16,D088,냉동밥 내포장#1,1BA03094,비비고곤드레밥200g,16:17,18:54,157,W005722,공정 과부하,충전실,2017-04-21
22,D088,냉동밥 내포장#1,1BA03093,비비고취나물밥200g,23:00,23:49,49,W0054F1,공정 과부하,충전실,2017-04-21
27,D088,냉동밥 내포장#1,1BA03176,비비고시래기나물밥200g,3:52,4:27,35,W0054F1,공정 과부하,충전실,2017-04-22
1,C002,쿠커 #2,23G02002,맘스스위트양념소스(재),8:30,9:25,55,W003489,기타,쿠킹실,2017-04-24
10,D087,냉동밥 내포장#2,1BA03216,AAF게살새우볶음밥(알밥)*,19:32,21:15,103,W0054F2,장비 오염,충전실,2017-04-24
2,L002,전처리2실,2BA03216,AAF게살새우볶음밥(알밥)(재)*,8:00,8:58,58,W002313,생산 순서 오류,계량실,2017-04-24
16,D007,2동 6열컵실러#1,13K01444,마크니커리소스,14:00,14:39,39,W0058Z1,대차 적재 공간 부족,충전실,2017-04-25
24,D011,2동 오리히로,16A04027,맥앤치즈샐러드-G,16:40,17:40,60,W005721,원료,충전실,2017-04-25
5,D088,냉동밥 내포장#1,1BA03094,비비고곤드레밥200g,13:06,14:29,83,W005722,공정 과부하,충전실,2017-04-26
11,C087,냉동밥 취반#2,2BA03213,AAF불곱창볶음밥250g(알밥)(재)*,11:00,11:30,30,W003721,충진 오류,쿠킹실,2017-04-27
9,C088,냉동밥 취반#1,2BA03227,무명식당3종나물영양밥(알밥)(재),11:33,13:00,87,W0034B1,공정 과부하,쿠킹실,2017-04-27
3,P006,튜브포장(#6),1.#JE+00,시아스사누끼우동소스,11:05,11:05,0,W007316,생산 순서 오류,포장실,2017-04-27
9,C088,냉동밥 취반#1,2BA03228,탄두리닭가슴살현미볶음밥10kg(재),19:01,20:00,59,W0034B1,공정 과부하,쿠킹실,2017-04-29
1,C003,쿠커 #3,23B00121,카페베네프라페노믹스(재),9:00,9:26,26,W003311,계량실,쿠킹실,2017-05-01
33,C087,냉동밥 취반#2,2BA03213,AAF불곱창볶음밥250g(알밥)(재)*,3:10,4:10,60,W0034B2,장비 오염,쿠킹실,2017-05-03
2,D088,냉동밥 내포장#1,1BA03072,CJ새우볶음밥/20개입,0:49,1:28,39,W005722,공정 과부하,충전실,2017-05-02
15,P0F0,PET#2,13D02243,키위저지방샐러드소스-N 235g,11:29,12:01,32,W0076D4,기타,포장실,2017-05-02
17,P0F0,PET#2,13D02243,키위저지방샐러드소스-N 235g,13:13,15:01,108,W007689,기타,포장실,2017-05-02
28,C088,냉동밥 취반#1,2BA03064,CJ해물볶음밥(재),5:40,7:00,80,W003721,충진 오류,쿠킹실,2017-05-04
12,C088,냉동밥 취반#1,2BA03229,야채현미밥H10kg(재),11:00,11:40,40,W003721,충진 오류,쿠킹실,2017-05-04
13,C088,냉동밥 취반#1,2BA03228,탄두리닭가슴살현미볶음밥10kg(재),16:00,17:30,90,W0034B1,공정 과부하,쿠킹실,2017-05-04
9,C088,냉동밥 취반#1,2BA03051,쉐프솔루션베이스볶음밥(시즌)500g(재),8:00,10:40,160,W003318,볶음,쿠킹실,2017-05-08
18,D087,냉동밥 내포장#2,1BA03200,비비고새우볶음밥210g(알밥),5:48,6:30,42,W0054F2,장비 오염,충전실,2017-05-10
6,D088,냉동밥 내포장#1,1BA03138,매드포갈릭갈릭버터라이스200g,10:12,10:30,18,W005722,공정 과부하,충전실,2017-05-09
9,D088,냉동밥 내포장#1,1BA03023,갈릭라이스3kg,17:05,18:00,55,W0054F1,공정 과부하,충전실,2017-05-09
28,D088,냉동밥 내포장#1,1BA03159,비비고깍두기볶음밥200g,10:10,12:56,166,W0056S6,기타,충전실,2017-05-26
29,D088,냉동밥 내포장#1,1BA03159,비비고깍두기볶음밥200g,12:56,13:20,24,W0054F1,공정 과부하,충전실,2017-05-26
18,D088,냉동밥 내포장#1,1BA03051,쉐프솔루션베이스볶음밥(시즌)500g,0:15,1:35,80,W0054F1,공정 과부하,충전실,2017-05-30
9,C008,프리머 #2,26B06086,화이트마요-M(2kg)(재),8:30,9:48,78,W003481,충진라인 중복,쿠킹실,2017-06-01
23,C087,냉동밥 취반#2,2BA03200,비비고새우볶음밥210g(알밥)(재),0:50,3:00,130,W003721,충진 오류,쿠킹실,2017-06-03
13,C088,냉동밥 취반#1,2BA03055,한그릇연근우엉밥(재),16:30,17:30,60,W0034B1,공정 과부하,쿠킹실,2017-06-02
17,D087,냉동밥 내포장#2,1BA03158,비비고불고기비빔밥200g,21:40,22:45,65,W005722,공정 과부하,충전실,2017-06-07
3,D088,냉동밥 내포장#1,1BA03119,홍익돈까스 야채볶음밥,0:00,1:01,61,W0054F1,공정 과부하,충전실,2017-06-07
5,D088,냉동밥 내포장#1,1BA03138,매드포갈릭갈릭버터라이스200g,5:09,6:22,73,W0054F1,공정 과부하,충전실,2017-06-07
10,D088,냉동밥 내포장#1,1BA03067,후레시스김치볶음밥,14:33,15:41,68,W0056O7,기타,충전실,2017-06-07
1,C088,냉동밥 취반#1,2BA03159,비비고깍두기볶음밥200g(재),5:20,6:30,70,W0034B1,공정 과부하,쿠킹실,2017-06-08
21,C088,냉동밥 취반#1,2BA03214,닭가슴살볶음밥(노브랜드)(재),0:40,2:00,80,W003721,충진 오류,쿠킹실,2017-06-09
13,C088,냉동밥 취반#1,2BA03211,AAF곤드레나물밥250g(알밥)(재)*,15:00,16:00,60,W003721,충진 오류,쿠킹실,2017-06-09
17,C088,냉동밥 취반#1,2BA03212,AAF3가지나물밥250g(알밥)(재)*,21:10,22:00,50,W0034B1,공정 과부하,쿠킹실,2017-06-09
25,C088,냉동밥 취반#1,2BA03235,어수리나물밥10kg(재),3:55,4:15,20,W0034C1,별도구작업,쿠킹실,2017-06-10
5,C002,쿠커 #2,23A01072,명인쫄면소스(2kg)(재),15:30,15:40,10,W003445,점도이상,쿠킹실,2017-06-12
3,D006,튜브,13B00121,카페베네프라페노믹스,13:10,17:20,250,W0056K3,센서 이상 감지,충전실,2017-06-12
6,D088,냉동밥 내포장#1,1BA03051,쉐프솔루션베이스볶음밥(시즌)500g,16:30,16:54,24,W0054F2,장비 오염,충전실,2017-06-12
26,D087,냉동밥 내포장#2,1BA03195,"비비고낙지비빔밥(밥,소스)-컵",12:20,13:23,63,W005722,공정 과부하,충전실,2017-06-14
4,D088,냉동밥 내포장#1,1BA03071,CJ햄야채볶음밥/20개입,9:43,10:21,38,W0054F1,공정 과부하,충전실,2017-06-13
1,C088,냉동밥 취반#1,2BA03159,비비고깍두기볶음밥200g(재),5:30,6:30,60,W0034B1,공정 과부하,쿠킹실,2017-06-15
8,D087,냉동밥 내포장#2,1BA03196,"비비고불고기비빔밥(밥,참기름)-컵",13:00,14:03,63,W005722,공정 과부하,충전실,2017-06-15
2,D088,냉동밥 내포장#1,1BA03159,비비고깍두기볶음밥200g,6:24,8:00,96,W0054F1,공정 과부하,충전실,2017-06-15
16,C088,냉동밥 취반#1,2BA03093,비비고취나물밥200g(재),15:00,16:30,90,W0034B2,장비 오염,쿠킹실,2017-06-16
10,D088,냉동밥 내포장#1,1BA03230,취나물현미밥10kg,22:09,23:30,81,W0054F1,공정 과부하,충전실,2017-06-17
18,C087,냉동밥 취반#2,2BA03157,비비고낙지비빔밥200g(재),4:30,5:30,60,W0034B1,공정 과부하,쿠킹실,2017-06-20
10,C087,냉동밥 취반#2,2BA03217,AAF장조림볶음밥(알밥)(재)*,14:00,14:30,30,W003721,충진 오류,쿠킹실,2017-06-20
24,D088,냉동밥 내포장#1,1BA03192,굴소스라이스(3kg),3:49,4:00,11,W0054F1,공정 과부하,충전실,2017-06-21
17,C087,냉동밥 취반#2,2BA03158,비비고불고기비빔밥200g(재),17:10,18:20,70,W0034B2,장비 오염,쿠킹실,2017-06-21
25,C087,냉동밥 취반#2,2BA03158,비비고불고기비빔밥200g(재),2:00,3:00,60,W0034B2,장비 오염,쿠킹실,2017-06-22
10,D088,냉동밥 내포장#1,1BA03176,비비고시래기나물밥200g,14:50,15:34,44,W005722,공정 과부하,충전실,2017-06-21
13,C088,냉동밥 취반#1,2BA03191,땡초상하이볶음밥(재),9:30,10:30,60,W003711,기타,쿠킹실,2017-06-22
14,C088,냉동밥 취반#1,2BA03159,비비고깍두기볶음밥200g(재),13:00,14:00,60,W0034B1,공정 과부하,쿠킹실,2017-06-22
17,P006,튜브포장(#6),16B06100,정성담은마요네즈(250g),13:30,16:10,160,W007911,공정 과부하,포장실,2017-06-22
7,D088,냉동밥 내포장#1,1BA03214,닭가슴살볶음밥(노브랜드),9:44,11:25,101,W0054F1,공정 과부하,충전실,2017-06-23
25,D088,냉동밥 내포장#1,1BA03257,옥수수볶음밥JB 1kg,20:18,21:03,45,W005722,공정 과부하,충전실,2017-06-23
27,D088,냉동밥 내포장#1,1BA03257,옥수수볶음밥JB 1kg,2:45,3:59,74,W0054F1,공정 과부하,충전실,2017-06-24
7,C007,프리머 #1,26B03115,마요네즈P(현미유)/중국산난황(재),8:30,21:53,803,W003686,메카니칼 씰,쿠킹실,2017-07-11
15,C087,냉동밥 취반#2,2BA03257,옥수수볶음밥JB 1kg(재),11:00,12:00,60,W0034B1,공정 과부하,쿠킹실,2017-07-11
7,C001,쿠커 #1,23K01280,파파이스핑거휠레소스(재),10:16,12:11,115,W003643,기타,쿠킹실,2017-07-13
14,C088,냉동밥 취반#1,2BA03065,CJ햄야채볶음밥(재),11:00,12:15,75,W0036K4,구동부 이상,쿠킹실,2017-07-18
22,D088,냉동밥 내포장#1,1BA03064,CJ해물볶음밥*5ea,7:18,8:42,84,W0054F1,공정 과부하,충전실,2017-07-19
10,C088,냉동밥 취반#1,2BA03094,비비고곤드레밥200g(재),16:45,17:30,45,W003318,볶음,쿠킹실,2017-07-19
17,C088,냉동밥 취반#1,2BA03150,요리밥케이준스파이스필라프250g(재),9:40,11:00,80,W0034B2,장비 오염,쿠킹실,2017-07-20
9,C088,냉동밥 취반#1,2BA03065,CJ햄야채볶음밥(재),12:45,13:40,55,W0034B1,공정 과부하,쿠킹실,2017-07-25
4,D087,냉동밥 내포장#2,1BA03200,비비고새우볶음밥210g(알밥),7:41,9:03,82,W005722,공정 과부하,충전실,2017-07-25
17,D087,냉동밥 내포장#2,1BA03200,비비고새우볶음밥210g(알밥),19:58,21:23,85,W0054F1,공정 과부하,충전실,2017-07-25
1,D088,냉동밥 내포장#1,1BA03051,쉐프솔루션베이스볶음밥(시즌)500g,0:15,1:00,45,W0054F2,장비 오염,충전실,2017-07-25
16,C088,냉동밥 취반#1,2BA03064,CJ해물볶음밥(재),21:00,22:00,60,W0034B1,공정 과부하,쿠킹실,2017-07-26
22,C088,냉동밥 취반#1,2BA03093,비비고취나물밥200g(재),5:00,5:30,30,W003721,충진 오류,쿠킹실,2017-07-27
17,C088,냉동밥 취반#1,2BA03069,CJ낙지볶음밥(재),19:30,20:30,60,W0034B1,공정 과부하,쿠킹실,2017-07-27
18,C088,냉동밥 취반#1,2BA03069,CJ낙지볶음밥(재),20:30,21:30,60,W003318,볶음,쿠킹실,2017-07-27
7,D002,로타리 #1,13R09020,치즈소스-BK,11:48,12:40,52,W005881,냉각 미종료,충전실,2017-07-27
10,C088,냉동밥 취반#1,2BA03236,찰현미새우볶음밥10kg(재),12:15,13:15,60,W0034B1,공정 과부하,쿠킹실,2017-07-28
15,D087,냉동밥 내포장#2,1BA03175,매콤낙지볶음밥(노브랜드),17:38,19:00,82,W0054F1,공정 과부하,충전실,2017-07-28
9,D088,냉동밥 내포장#1,1BA03236,찰현미새우볶음밥10kg,12:39,14:22,103,W0054F1,공정 과부하,충전실,2017-07-28
16,C088,냉동밥 취반#1,2BA03094,비비고곤드레밥200g(재),21:40,22:40,60,W0034B1,공정 과부하,쿠킹실,2017-08-01
19,D087,냉동밥 내포장#2,1BA03157,비비고낙지비빔밥200g,0:01,0:50,49,W0054F2,장비 오염,충전실,2017-08-02
16,D088,냉동밥 내포장#1,1BA03159,비비고깍두기볶음밥200g,21:05,22:00,55,W0054F1,공정 과부하,충전실,2017-08-02
18,C087,냉동밥 취반#2,2BA03158,비비고불고기비빔밥200g(재),1:30,2:10,40,W003721,충진 오류,쿠킹실,2017-08-04
14,C088,냉동밥 취반#1,2BA03257,옥수수볶음밥JB 1kg(재),20:20,21:20,60,W0034B2,장비 오염,쿠킹실,2017-08-03
8,C088,냉동밥 취반#1,2BA03185,게살볶음밥250g-QKC(재),16:20,17:15,55,W0034B1,공정 과부하,쿠킹실,2017-08-04
14,C087,냉동밥 취반#2,,,13:00,20:30,450,W0034C1,별도구작업,쿠킹실,2017-08-07
26,C002,쿠커 #2,23U01125,스트로베리시럽(재),1:50,16:00,850,W003633,기타,쿠킹실,2017-08-09
21,P0F0,PET#2,13D02286,발사믹올리브유드레싱235g,21:40,22:31,51,W007911,공정 과부하,포장실,2017-08-08
4,D088,냉동밥 내포장#1,1BA03159,비비고깍두기볶음밥200g,11:30,13:00,90,W0054F1,공정 과부하,충전실,2017-08-09
10,C004,쿠커 #4,23D02284,오리엔탈드레싱-N 550g(재),13:30,17:29,239,W003315,업체미입고(재료 미입고),쿠킹실,2017-08-10
22,D088,냉동밥 내포장#1,1BA03174,통새우볶음밥(노브랜드),22:48,23:50,62,W0054G1,별도구작업,충전실,2017-08-10
9,D087,냉동밥 내포장#2,1BA03200,비비고새우볶음밥210g(알밥),12:56,13:50,54,W0054F2,장비 오염,충전실,2017-08-11
11,D087,냉동밥 내포장#2,1BA03200,비비고새우볶음밥210g(알밥),13:50,14:53,63,W005722,공정 과부하,충전실,2017-08-11
1,C004,쿠커 #4,23D02238,오리엔탈드레싱-N 240g(재),7:30,8:42,72,W003325,기타,쿠킹실,2017-08-15
4,D087,냉동밥 내포장#2,1BA03200,비비고새우볶음밥210g(알밥),8:34,10:38,124,W005722,공정 과부하,충전실,2017-08-16
24,D087,냉동밥 내포장#2,1BA03157,비비고낙지비빔밥200g,8:30,9:32,62,W005722,공정 과부하,충전실,2017-08-17
2,D088,냉동밥 내포장#1,1BA03138,매드포갈릭갈릭버터라이스200g,8:12,9:27,75,W0054F1,공정 과부하,충전실,2017-08-16
6,D087,냉동밥 내포장#2,1BA03174,통새우볶음밥(노브랜드),9:03,11:09,126,W0054F1,공정 과부하,충전실,2017-09-02
1,D088,냉동밥 내포장#1,1BA03257,옥수수볶음밥JB 1kg,1:20,2:02,42,W0054F1,공정 과부하,충전실,2017-09-02
18,C088,냉동밥 취반#1,2BA03211,AAF곤드레나물밥250g(알밥)(재)*,23:00,23:30,30,W003318,볶음,쿠킹실,2017-09-06
16,C088,냉동밥 취반#1,2BA03159,비비고깍두기볶음밥200g(재),18:30,19:30,60,W0034B1,공정 과부하,쿠킹실,2017-09-08
8,C002,쿠커 #2,23A00627,단팥퐁듀소스3kg-E(재),8:34,9:32,58,W003459,기타,쿠킹실,2017-09-12
6,C088,냉동밥 취반#1,2BA03216,AAF게살새우볶음밥(알밥)(재)*,23:00,0:00,60,W0034B1,공정 과부하,쿠킹실,2017-09-11
8,C001,쿠커 #1,23P01222,피자소스-H(재),12:15,13:08,53,W003444,점도이상,쿠킹실,2017-09-13
12,C088,냉동밥 취반#1,2BA03159,비비고깍두기볶음밥200g(재),14:10,15:10,60,W0034B1,공정 과부하,쿠킹실,2017-09-15
15,D006,튜브,1.#JE+00,가쓰오다시국물900ml,16:00,16:20,20,W005835,헤드,충전실,2017-09-15
16,D087,냉동밥 내포장#2,1BA03175,매콤낙지볶음밥(노브랜드),20:05,21:30,85,W0054F1,공정 과부하,충전실,2017-09-15
3,D088,냉동밥 내포장#1,1BA03049,김치볶음밥-S,8:56,9:33,37,W0054F1,공정 과부하,충전실,2017-09-15
1,C003,쿠커 #3,23R08020,유생촌타르타르소스2kg(재),8:30,9:33,63,W003711,기타,쿠킹실,2017-09-18
5,C008,프리머 #2,26B06024,이츠웰골드마요네즈1kg(재),11:09,11:35,26,W003452,충진 오류,쿠킹실,2017-09-18
1,D087,냉동밥 내포장#2,1BA03195,"비비고낙지비빔밥(밥,소스)-컵",6:52,9:44,172,W0054F1,공정 과부하,충전실,2017-09-19
3,D088,냉동밥 내포장#1,1BA03093,비비고취나물밥200g,7:40,9:43,123,W0054F1,공정 과부하,충전실,2017-09-19
11,D088,냉동밥 내포장#1,1BA03176,비비고시래기나물밥200g,19:30,21:30,120,W0054F1,공정 과부하,충전실,2017-09-19
11,D088,냉동밥 내포장#1,1BA03223,굴소스로맛을낸게살새우볶음밥,11:00,15:55,295,W005A11,기타,충전실,2017-09-20
5,C087,냉동밥 취반#2,2BA03201,비비고닭가슴살볶음밥210g(알밥)(재),4:40,5:30,50,W003721,충진 오류,쿠킹실,2017-09-21
18,C088,냉동밥 취반#1,2BA03119,홍익돈까스 야채볶음밥(재),3:45,4:45,60,W0034B1,공정 과부하,쿠킹실,2017-09-22
19,C088,냉동밥 취반#1,2BA03047,시아스야채볶음밥3kg(재),5:00,6:00,60,W0034B1,공정 과부하,쿠킹실,2017-09-23
2,D088,냉동밥 내포장#1,1BA03119,홍익돈까스 야채볶음밥,4:16,4:54,38,W0054F1,공정 과부하,충전실,2017-09-22
17,C002,쿠커 #2,23A00627,단팥퐁듀소스3kg-E(재),23:16,23:29,13,W003623,기타,쿠킹실,2017-09-26
8,C096,2동 쿠커 #2,23S01363,홈스타일로제스파게티소스/14일에이징출고(재),8:50,10:05,75,W003314,생산 순서 오류,쿠킹실,2017-09-26
1,D088,냉동밥 내포장#1,1BA03066,CJ새우볶음밥*5ea,0:19,1:20,61,W005722,공정 과부하,충전실,2017-09-26
14,C088,냉동밥 취반#1,2BA03065,CJ햄야채볶음밥(재),13:10,13:30,20,W003318,볶음,쿠킹실,2017-09-27
13,C088,냉동밥 취반#1,2BA03049,김치볶음밥-S(재),7:40,8:40,60,W0034B1,공정 과부하,쿠킹실,2017-09-29
14,D088,냉동밥 내포장#1,1BA03159,비비고깍두기볶음밥200g,23:40,0:00,20,W0054F2,장비 오염,충전실,2017-09-28
14,C007,프리머 #1,26B03005,마요네즈-P(현미유)/국산난황(재),14:06,14:45,39,W003711,기타,쿠킹실,2017-09-30
16,C002,쿠커 #2,23U01177,스트로베리시럽(1kg)(재),21:00,21:09,9,W003445,점도이상,쿠킹실,2017-10-10
3,C096,2동 쿠커 #2,23A00662,안동찜닭양념210g/신(재),9:00,12:00,180,W003632,구동부,쿠킹실,2017-10-10
7,D002,로타리 #1,13R05021,핫페퍼소스1kg,14:30,15:20,50,W005621,그립퍼,충전실,2017-10-10
15,C088,냉동밥 취반#1,2BA03119,홍익돈까스 야채볶음밥(재),15:30,17:00,90,W003318,볶음,쿠킹실,2017-10-11
15,C002,쿠커 #2,23R09022,퐁듀용치즈소스(재),15:03,16:01,58,W003316,생산 순서 오류,쿠킹실,2017-10-12
21,C002,쿠커 #2,23R09022,퐁듀용치즈소스(재),20:26,21:09,43,W003444,점도이상,쿠킹실,2017-10-12
18,D087,냉동밥 내포장#2,1BA03201,비비고닭가슴살볶음밥210g(알밥),19:45,21:50,125,W0054F1,공정 과부하,충전실,2017-10-12
7,D087,냉동밥 내포장#2,1BA03175,매콤낙지볶음밥(노브랜드),13:25,13:50,25,W005722,공정 과부하,충전실,2017-10-13
15,D088,냉동밥 내포장#1,1BA03292,AAF치즈불고기볶음밥(미니팩),19:45,21:33,108,W0054F1,공정 과부하,충전실,2017-10-13
2,C001,쿠커 #1,23A00541,쌀국수육수2kg(재),11:27,12:23,56,W003311,계량실,쿠킹실,2017-10-14
16,C002,쿠커 #2,23D01143,요거트드레싱(재),0:10,0:22,12,W003444,점도이상,쿠킹실,2017-11-10
14,C002,쿠커 #2,23D01143,요거트드레싱(재),21:32,0:09,-1283,W003711,기타,쿠킹실,2017-11-10
15,C088,냉동밥 취반#1,2BA03257,옥수수볶음밥JB 1kg(재),1:20,2:20,60,W0034B1,공정 과부하,쿠킹실,2017-11-15
12,D088,냉동밥 내포장#1,1BA03049,김치볶음밥-S,13:54,14:45,51,W0054F1,공정 과부하,충전실,2017-11-16
20,C088,냉동밥 취반#1,2BA03257,옥수수볶음밥JB 1kg(재),2:20,3:20,60,W0034B1,공정 과부하,쿠킹실,2017-11-22
19,D045,병(PET)12열충전,13D01293,화이트와인비네거드레싱엔쵸비235g,19:16,19:59,43,W0058Z9,기타,충전실,2017-11-21
12,D011,2동 오리히로,16A01062,시아스감자샐러드,15:46,16:11,25,W005712,공정 과부하,충전실,2017-11-22
3,D011,2동 오리히로,16A01019,감자샐러드FM,14:58,16:26,88,W005724,위치조정실패,충전실,2017-11-27
11,D088,냉동밥 내포장#1,1BA03051,쉐프솔루션베이스볶음밥(시즌)500g,23:43,0:30,47,W0054F2,장비 오염,충전실,2017-11-27
9,C001,쿠커 #1,23D04105,요거트드레싱골드(재),17:05,17:52,47,W003489,기타,쿠킹실,2017-11-28
5,C045,쿠커 #5,23R10044,노브랜드머스타드소스(재),12:30,15:05,155,W003314,생산 순서 오류,쿠킹실,2017-11-28
5,C010,파일롯,23G02030,닭강정소스-S(재),11:27,11:39,12,W003444,점도이상,쿠킹실,2017-11-29
15,C088,냉동밥 취반#1,2BA03051,쉐프솔루션베이스볶음밥(시즌)500g(재),0:40,1:40,60,W0034B1,공정 과부하,쿠킹실,2017-11-30
2,D088,냉동밥 내포장#1,1BA03051,쉐프솔루션베이스볶음밥(시즌)500g,1:40,2:41,61,W005722,공정 과부하,충전실,2017-11-30
3,D088,냉동밥 내포장#1,1BA03066,CJ새우볶음밥*5ea,8:56,11:00,124,W0054F1,공정 과부하,충전실,2017-11-30
12,D088,냉동밥 내포장#1,1BA03071,CJ햄야채볶음밥/20개입,23:23,0:02,39,W0054F1,공정 과부하,충전실,2017-11-30
8,D088,냉동밥 내포장#1,1BA03216,AAF게살새우볶음밥(알밥)*,16:50,17:50,60,W005722,공정 과부하,충전실,2017-12-04
1,C088,냉동밥 취반#1,2BA03066,CJ새우볶음밥(재),6:55,7:55,60,W0034B1,공정 과부하,쿠킹실,2017-12-05
10,D002,로타리 #1,13A00667,떡볶이양념E 2kg,11:10,11:58,48,W005881,냉각 미종료,충전실,2017-12-05
13,C088,냉동밥 취반#1,2BA03064,CJ해물볶음밥(재),14:00,15:00,60,W0034B1,공정 과부하,쿠킹실,2017-12-06
10,D004,PET병,13D02280,허니머스타드드레싱-N 110g,13:00,13:10,10,W005615,병 끼임,충전실,2017-12-06
11,D013,마요네즈 수동,16B03004,마요네즈-업소용18kg,17:12,18:08,56,W0058Z9,기타,충전실,2017-12-07
20,D088,냉동밥 내포장#1,1BA03192,굴소스라이스(3kg),3:00,4:00,60,W005722,공정 과부하,충전실,2017-12-08
7,C002,쿠커 #2,23R09020,치즈소스-BK(재),19:49,20:09,20,W0036B2,PSD패킹 교체,쿠킹실,2017-12-08
12,D006,튜브,13R11036,정성담은스테이크소스(290g),16:10,16:23,13,W0058Z9,기타,충전실,2017-12-11
25,D088,냉동밥 내포장#1,1BA03074,CJ햄야채볶음밥3kg,3:00,4:00,60,W005722,공정 과부하,충전실,2017-12-13
14,C088,냉동밥 취반#1,2BA03291,AAF게살새우볶음밥(미니팩)(재),11:50,12:50,60,W0034B1,공정 과부하,쿠킹실,2017-12-13
15,C088,냉동밥 취반#1,2BA03159,비비고깍두기볶음밥200g(재),21:50,22:20,30,W003721,충진 오류,쿠킹실,2017-12-14
1,C010,파일롯,23U02005,유기아가베시럽1kg(재),8:48,8:50,2,W003446,산도(ph) 이상,쿠킹실,2017-12-15
4,D088,냉동밥 내포장#1,1BA03051,쉐프솔루션베이스볶음밥(시즌)500g,11:00,11:35,35,W0054F2,장비 오염,충전실,2017-12-15
10,D088,냉동밥 내포장#1,1BA03051,쉐프솔루션베이스볶음밥(시즌)500g,19:00,19:30,30,W0054F2,장비 오염,충전실,2017-12-15
7,D045,병(PET)12열충전,13D02249,아몬드&호두드레싱-N 225g,11:55,12:08,13,W0058Z9,기타,충전실,2017-12-18
16,D002,로타리 #1,13A00685,냉면육수베이스,1:00,2:15,75,W005629,기타,충전실,2017-12-20
5,D045,병(PET)12열충전,13D02247,참깨&흑임자드레싱-N 220g,9:32,9:42,10,W005842,컷팅기,충전실,2017-12-19
17,C088,냉동밥 취반#1,2BA03292,AAF치즈불고기볶음밥(미니팩)(재),13:10,14:10,60,W0034B1,공정 과부하,쿠킹실,2017-12-20
19,D003,로타리 #2,13D01166,핫베이컨드레싱,2:00,3:10,70,W005734,점도이상,충전실,2017-12-22
1,D088,냉동밥 내포장#1,1BA03119,홍익돈까스 야채볶음밥,0:35,1:40,65,W0054F1,공정 과부하,충전실,2017-12-21
2,D088,냉동밥 내포장#1,1BA03119,홍익돈까스 야채볶음밥,1:40,2:36,56,W005722,공정 과부하,충전실,2017-12-21
10,P004,PET#1,13D02285,오리엔탈드레싱-N 115g,13:00,13:11,11,W0079AA,기타,포장실,2018-01-11
14,C002,쿠커 #2,23R09045,갈릭크림치즈소스1kg(재),13:19,15:10,-129489,W003442,QA 규격 오류,쿠킹실,2018-04-12
3,D088,냉동밥 내포장#1,1BA03070,CJ해물볶음밥/20개입,9:50,10:44,54,W005722,공정 과부하,충전실,2018-01-16
9,C002,쿠커 #2,23R09018,렌치치즈소스(재),13:30,13:45,15,W003444,점도이상,쿠킹실,2018-01-19
14,C088,냉동밥 취반#1,2BA03303,셰프리볶음밥(재),22:30,23:30,60,W0034B1,공정 과부하,쿠킹실,2018-01-23
6,C096,2동 쿠커 #2,23A00662,안동찜닭양념210g/신(재),8:30,13:30,300,W003471,온도 상승 지연,쿠킹실,2018-01-23
18,D087,냉동밥 내포장#2,1BA03297,비비고새우볶음밥(홈플),23:02,0:00,58,W005422,공정 과부하,충전실,2018-01-24
16,C088,냉동밥 취반#1,2BA03176,비비고시래기나물밥200g(재),2:10,3:10,60,W0034B1,공정 과부하,쿠킹실,2018-01-27
8,D013,마요네즈 수동,16B03005,마요네즈-P(현미유)/국산난황,15:52,19:14,202,W005A11,기타,충전실,2018-01-26
6,D087,냉동밥 내포장#2,1BA03308,타이풍볶음밥E,10:30,11:00,30,W005721,원료,충전실,2018-01-26
5,C088,냉동밥 취반#1,2BA03284,곤드레나물밥H5kg(재),8:50,10:00,70,W0034B1,공정 과부하,쿠킹실,2018-01-27
8,D088,냉동밥 내포장#1,1BA03216,AAF게살새우볶음밥(알밥)*,0:45,1:40,55,W0054F1,공정 과부하,충전실,2018-01-30
2,C087,냉동밥 취반#2,2BA03157,비비고낙지비빔밥200g(재),6:10,7:00,50,W0034B1,공정 과부하,쿠킹실,2018-01-30
9,P005,3.2K마요포장(#5),16B03004,마요네즈-업소용18kg,13:34,13:58,24,W00731A,기타,포장실,2018-01-30
14,C007,프리머 #1,26B03115,마요네즈P(현미유)/중국산난황(재),16:26,16:55,29,W003459,기타,쿠킹실,2018-01-31
22,C087,냉동밥 취반#2,2BA03201,비비고닭가슴살볶음밥210g(알밥)(재),0:20,2:00,100,W0034B2,장비 오염,쿠킹실,2018-02-01
4,D088,냉동밥 내포장#1,1BA03306,마음심은갈릭버터새우볶음밥,9:28,10:41,73,W0054F1,공정 과부하,충전실,2018-01-31
24,D088,냉동밥 내포장#1,1BA03159,비비고깍두기볶음밥200g,5:07,6:29,82,W0054F1,공정 과부하,충전실,2018-02-01
3,C001,쿠커 #1,23L00008,토마토케찹자사용(재),8:57,9:49,52,W003721,충진 오류,쿠킹실,2018-02-01
4,C001,쿠커 #1,23V00013,고구마베이스M,9:00,9:00,0,W003721,충진 오류,쿠킹실,2018-02-02
8,C088,냉동밥 취반#1,2BA03304,마음심은장조림볶음밥(재),15:00,16:00,60,W0034B1,공정 과부하,쿠킹실,2018-02-02
18,D002,로타리 #1,11501135,한식베이스소스2kg,13:08,12:45,-23,W005629,기타,충전실,2018-02-07
16,D088,냉동밥 내포장#1,1BA03216,AAF게살새우볶음밥(알밥)*,2:05,2:40,35,W0054F1,공정 과부하,충전실,2018-02-07
4,C088,냉동밥 취반#1,2BA03202,강원나물밥200g(알밥)(재),10:00,11:00,60,W0034B1,공정 과부하,쿠킹실,2018-02-07
11,C088,냉동밥 취반#1,2BA03159,비비고깍두기볶음밥200g(재),14:40,15:30,50,W003721,충진 오류,쿠킹실,2018-02-08
20,D088,냉동밥 내포장#1,1BA03093,비비고취나물밥200g,22:25,0:13,108,W0054F1,공정 과부하,충전실,2018-02-09
4,D0036,로타리 #5,16B06095,골드마요네즈3.2kg(캡파우치),9:15,10:33,78,W005A11,기타,충전실,2018-02-10
17,P005,3.2K마요포장(#5),16B06003,골드마요네즈3.2kg,0:16,12:50,754,W0079AA,기타,포장실,2018-02-13
2,D088,냉동밥 내포장#1,1BA03277,샤이바나베이스밥,1:24,2:20,56,W005722,공정 과부하,충전실,2018-02-13
6,P006,튜브포장(#6),13L00029,정성담은토마토케찹(280g),11:26,11:37,11,W007911,공정 과부하,포장실,2018-02-13
14,P006,튜브포장(#6),13L00030,정성담은토마토케찹(595g),15:35,15:46,11,W0079AA,기타,포장실,2018-02-13
13,C088,냉동밥 취반#1,2BA03119,홍익돈까스 야채볶음밥(재),0:40,1:40,60,W0034B1,공정 과부하,쿠킹실,2018-02-20
7,D087,냉동밥 내포장#2,1BA03174,통새우볶음밥(노브랜드),9:55,10:15,20,W005721,원료,충전실,2018-02-20
12,D087,냉동밥 내포장#2,1BA03214,닭가슴살볶음밥(노브랜드),21:25,21:55,30,W005422,공정 과부하,충전실,2018-02-20
5,D010,벌크(캔),13P01222,피자소스-H,8:50,9:52,62,W005113,부족,충전실,2018-02-21
16,D088,냉동밥 내포장#1,1BA03049,김치볶음밥-S,11:58,13:23,85,W0054F1,공정 과부하,충전실,2018-02-23
12,C007,프리머 #1,26B06008,이츠웰골드마요네즈3.2kg(재),19:10,19:50,40,W003452,충진 오류,쿠킹실,2018-02-23
3,C088,냉동밥 취반#1,2BA03159,비비고깍두기볶음밥200g(재),2:30,3:30,60,W0034B1,공정 과부하,쿠킹실,2018-02-23
15,C088,냉동밥 취반#1,2BA03299,날치알이톡톡터지는알밥(알밥)(재),5:45,6:45,60,W0034B1,공정 과부하,쿠킹실,2018-03-22
11,D006,튜브,13A00580,샘표불고기소스300g-독일,2:55,3:12,17,W0058Z9,기타,충전실,2018-03-22
11,D088,냉동밥 내포장#1,1BA03225,무명식당돈육장조림비빔밥(알밥),18:30,19:21,51,W005722,공정 과부하,충전실,2018-03-26
5,C088,냉동밥 취반#1,2BA03159,비비고깍두기볶음밥200g(재),10:20,12:00,100,W0034B1,공정 과부하,쿠킹실,2018-03-29
12,C088,냉동밥 취반#1,2BA03066,CJ새우볶음밥(재),21:20,22:20,60,W0034B1,공정 과부하,쿠킹실,2018-04-02
5,D088,냉동밥 내포장#1,1BA03066,CJ새우볶음밥*5ea,15:07,15:40,33,W0054F2,장비 오염,충전실,2018-04-02
8,C088,냉동밥 취반#1,2BA03069,CJ낙지볶음밥(재),14:30,15:30,60,W0034B1,공정 과부하,쿠킹실,2018-04-04
10,D087,냉동밥 내포장#2,1BA03119,홍익돈까스 야채볶음밥,1:50,2:47,57,W005722,공정 과부하,충전실,2018-04-10
2,P0F0,PET#2,13D02243,키위저지방샐러드소스-N 235g,10:57,11:10,13,W0076A3,감도 조절,포장실,2018-04-09
3,C008,프리머 #2,26B06078,JFC마요네즈15g(재),9:30,11:53,143,W003452,충진 오류,쿠킹실,2018-04-10
10,C088,냉동밥 취반#1,2BA03051,쉐프솔루션베이스볶음밥(시즌)500g(재),17:50,18:50,60,W0034B1,공정 과부하,쿠킹실,2018-04-10
3,C088,냉동밥 취반#1,2BA03051,쉐프솔루션베이스볶음밥(시즌)500g(재),10:15,11:15,60,W0034B1,공정 과부하,쿠킹실,2018-04-11
6,D087,냉동밥 내포장#2,1BA03158,비비고불고기비빔밥200g,17:58,20:00,122,W0054F1,공정 과부하,충전실,2018-04-11
4,D088,냉동밥 내포장#1,1BA03322,게살새우볶음밥,8:55,10:27,92,W0054F1,공정 과부하,충전실,2018-04-12
7,D088,냉동밥 내포장#1,1BA03321,치즈불닭볶음밥,15:36,18:59,203,W0054F1,공정 과부하,충전실,2018-04-12
6,C002,쿠커 #2,23A00772,콘베이스E(재),11:55,12:50,55,W003489,기타,쿠킹실,2018-04-13
5,C088,냉동밥 취반#1,2BA03137,매드포갈릭갈릭버터라이스300g(재),15:40,17:00,80,W0034B1,공정 과부하,쿠킹실,2018-04-16
8,C045,쿠커 #5,23A00688,초고추장E 200g(재),14:42,15:07,25,W003444,점도이상,쿠킹실,2018-04-17
15,C088,냉동밥 취반#1,2BA03175,매콤낙지볶음밥(노브랜드)(재),2:20,2:40,20,W003721,충진 오류,쿠킹실,2018-04-18
1,D087,냉동밥 내포장#2,1BA03200,비비고새우볶음밥210g(알밥),8:04,10:15,131,W005722,공정 과부하,충전실,2018-04-18
15,D088,냉동밥 내포장#1,1BA03223,굴소스로맛을낸게살새우볶음밥,5:49,8:44,175,W0054F1,공정 과부하,충전실,2018-04-19
6,D006,튜브,13A01070,샘표불고기소스540g-미국/6개입,14:10,15:01,51,W005315,생산 순서 오류,충전실,2018-04-23
7,C087,냉동밥 취반#2,2BA03200,비비고새우볶음밥210g(알밥)(재),13:30,14:30,60,W0034B2,장비 오염,쿠킹실,2018-04-24
4,D087,냉동밥 내포장#2,1BA03200,비비고새우볶음밥210g(알밥),13:43,14:20,37,W0054F2,장비 오염,충전실,2018-04-24
26,D002,로타리 #1,13R05025,BK디아블로소스(1kg),19:52,20:30,38,W0058Z1,대차 적재 공간 부족,충전실,2018-04-26
19,C002,쿠커 #2,23R09041,크림치즈무스(재),8:13,9:17,64,W003489,기타,쿠킹실,2018-04-28
1,D087,냉동밥 내포장#2,1BA03174,통새우볶음밥(노브랜드),1:30,2:30,60,W0054F1,공정 과부하,충전실,2018-04-27
19,C088,냉동밥 취반#1,2BA03074,CJ햄야채볶음밥3kg(재),1:10,2:10,60,W0034B1,공정 과부하,쿠킹실,2018-05-02
21,C002,쿠커 #2,1.#JE+00,참살이요리용국물멸치맛(재),21:30,21:55,25,W003489,기타,쿠킹실,2018-05-02
16,C088,냉동밥 취반#1,2BA03066,CJ새우볶음밥(재),8:10,9:20,70,W0034B1,공정 과부하,쿠킹실,2018-05-02
26,C088,냉동밥 취반#1,2BA03268,요리하다오삼불고기볶음밥(재),1:30,2:30,60,W0034B1,공정 과부하,쿠킹실,2018-05-03
32,D088,냉동밥 내포장#1,1BA03319,하남돼지집김치볶음밥,14:10,14:38,28,W005722,공정 과부하,충전실,2018-05-03
19,D087,냉동밥 내포장#2,1BA03213,AAF불곱창깍두기볶음밥250g(알밥)*,11:15,11:26,11,W005722,공정 과부하,충전실,2018-05-04
13,C088,냉동밥 취반#1,2BA03158,비비고불고기비빔밥200g(재),21:10,21:30,20,W003721,충진 오류,쿠킹실,2018-05-04
12,C088,냉동밥 취반#1,2BA03065,CJ햄야채볶음밥(재),15:15,16:15,60,W0034B1,공정 과부하,쿠킹실,2018-05-09
16,D006,튜브,13A00590,샘표갈비소스900g-NEW(캐나다),22:40,23:24,44,W005113,부족,충전실,2018-05-09
2,D087,냉동밥 내포장#2,1BA03157,비비고낙지비빔밥200g,12:18,13:10,52,W0054F1,공정 과부하,충전실,2018-05-09
13,C088,냉동밥 취반#1,2BA03309,짬뽕볶음밥E(재),4:35,5:00,25,W003721,충진 오류,쿠킹실,2018-06-02
2,D002,로타리 #1,13R09020,치즈소스-BK,9:18,9:50,32,W0058Z1,대차 적재 공간 부족,충전실,2018-06-01
15,D088,냉동밥 내포장#1,1BA03094,비비고곤드레밥200g,17:30,19:10,100,W0054F1,공정 과부하,충전실,2018-06-05
10,D003,로타리 #2,13K03132,어니언크림소스-S,0:40,2:04,84,W0056B9,기타,충전실,2018-06-12
13,D005,3.2마요,16B06003,골드마요네즈3.2kg,14:15,14:23,8,W005318,업체미입고(용기 미입고),충전실,2018-06-13
23,D087,냉동밥 내포장#2,1BA03365,NEW비비고새우볶음밥210g(알밥),22:30,23:29,59,W005722,공정 과부하,충전실,2018-06-13
12,D087,냉동밥 내포장#2,1BA03157,비비고낙지비빔밥200g,21:00,0:40,-1220,W005722,공정 과부하,충전실,2018-06-15
14,C088,냉동밥 취반#1,2BA03069,CJ낙지볶음밥(재),18:15,19:15,60,W0034B1,공정 과부하,쿠킹실,2018-06-20
1,D088,냉동밥 내포장#1,1BA03082,햄야채볶음밥3kg,7:30,8:10,40,W0054F1,공정 과부하,충전실,2018-06-20
4,D088,냉동밥 내포장#1,1BA03138,매드포갈릭갈릭버터라이스200g,10:05,10:40,35,W0054F1,공정 과부하,충전실,2018-06-20
16,D088,냉동밥 내포장#1,1BA03069,CJ낙지볶음밥*5ea,19:29,20:20,51,W005722,공정 과부하,충전실,2018-06-20
14,D087,냉동밥 내포장#2,1BA03293,AAF불곱창깍두기볶음밥(미니팩),12:57,13:40,43,W0054F2,장비 오염,충전실,2018-06-22
5,D088,냉동밥 내포장#1,1BA10028,쟌슨빌소시지볶음밥,9:34,10:33,59,W005722,공정 과부하,충전실,2018-06-21
12,D088,냉동밥 내포장#1,1BA03342,장조림버터밥(롯데),17:18,18:00,42,W0054F1,공정 과부하,충전실,2018-06-22
15,D088,냉동밥 내포장#1,1BA03342,장조림버터밥(롯데),18:00,19:10,70,W005722,공정 과부하,충전실,2018-06-22
3,C088,냉동밥 취반#1,2BA03119,홍익돈까스 야채볶음밥(재),10:10,10:20,10,W0034B1,공정 과부하,쿠킹실,2018-06-25
2,D088,냉동밥 내포장#1,1BA03174,통새우볶음밥(노브랜드),6:45,8:30,105,W0054F1,공정 과부하,충전실,2018-06-26
10,P005,3.2K마요포장(#5),16B03002,마요네즈-업소용10kg,18:30,18:45,15,W0079AA,기타,포장실,2018-06-26
7,C007,프리머 #1,26B03002,마요네즈-업소용10kg(재),8:30,9:38,68,W003572,정지,쿠킹실,2018-06-27
21,P005,3.2K마요포장(#5),16B06008,이츠웰골드마요네즈3.2kg,16:13,18:17,124,W0079AA,기타,포장실,2018-06-27
3,C088,냉동밥 취반#1,2BA03159,비비고깍두기볶음밥200g(재),11:00,11:40,40,W003711,기타,쿠킹실,2018-06-28
16,C087,냉동밥 취반#2,2BA03201,비비고닭가슴살볶음밥210g(알밥)(재),0:00,1:00,60,W0034B1,공정 과부하,쿠킹실,2018-07-04
9,D045,병(PET)12열충전,13D02247,참깨&흑임자드레싱-N 220g,16:10,16:38,28,W0058Z9,기타,충전실,2018-07-03
2,D088,냉동밥 내포장#1,1BA03368,치즈스테이크볶음밥,10:23,11:41,78,W0054F1,공정 과부하,충전실,2018-07-03
22,C088,냉동밥 취반#1,2BA03159,비비고깍두기볶음밥200g(재),7:10,7:45,35,W003721,충진 오류,쿠킹실,2018-07-05
4,P004,PET#1,13D02285,오리엔탈드레싱-N 115g,9:46,9:56,10,W007699,기타,포장실,2018-07-05
6,D006,튜브,13B00131,떼루와망고베이스,10:48,11:02,14,W005113,부족,충전실,2018-07-06
18,C088,냉동밥 취반#1,2BA03064,CJ해물볶음밥(재),5:30,6:30,60,W0034B1,공정 과부하,쿠킹실,2018-07-11
19,D088,냉동밥 내포장#1,1BA03064,CJ해물볶음밥*5ea,6:02,7:40,98,W0054F1,공정 과부하,충전실,2018-07-11
6,D087,냉동밥 내포장#2,1BA03301,비비고불고기비빔밥/알밥(롯데),10:53,11:45,52,W0054F2,장비 오염,충전실,2018-07-11
12,D087,냉동밥 내포장#2,1BA03301,비비고불고기비빔밥/알밥(롯데),5:20,6:40,80,W0054F1,공정 과부하,충전실,2018-07-12
10,D002,로타리 #1,13R09018,렌치치즈소스,3:05,4:15,70,W0056B2,분사노즐,충전실,2018-07-14
7,D088,냉동밥 내포장#1,1BA03214,닭가슴살볶음밥(노브랜드),20:06,21:17,71,W0054F1,공정 과부하,충전실,2018-07-16
9,D088,냉동밥 내포장#1,1BA03119,홍익돈까스 야채볶음밥,1:40,3:24,104,W0054F1,공정 과부하,충전실,2018-07-17
11,D088,냉동밥 내포장#1,1BA03181,불고기맛볶음밥250g-QKC,19:23,20:01,38,W005722,공정 과부하,충전실,2018-07-17
16,D087,냉동밥 내포장#2,1BA03201,비비고닭가슴살볶음밥210g(알밥),1:35,3:15,100,W0054F1,공정 과부하,충전실,2018-07-20
15,D088,냉동밥 내포장#1,1BA03175,매콤낙지볶음밥(노브랜드),21:59,23:43,104,W0054F1,공정 과부하,충전실,2018-07-19
17,D088,냉동밥 내포장#1,1BA03159,비비고깍두기볶음밥200g,2:58,4:56,118,W0054F1,공정 과부하,충전실,2018-07-20
1,D087,냉동밥 내포장#2,1BA03213,AAF불곱창깍두기볶음밥250g(알밥)*,3:34,4:40,66,W0054F2,장비 오염,충전실,2018-08-08
2,D087,냉동밥 내포장#2,1BA03213,AAF불곱창깍두기볶음밥250g(알밥)*,4:40,5:28,48,W005722,공정 과부하,충전실,2018-08-08
15,C088,냉동밥 취반#1,2BA03114,오늘은!새우볶음밥(재),3:00,4:00,60,W0034B1,공정 과부하,쿠킹실,2018-08-11
8,P006,튜브포장(#6),13L00028,건강하게키운토마토로만든유기농토마토케첩,14:07,14:25,18,W007911,공정 과부하,포장실,2018-08-14
4,C002,쿠커 #2,23S01392,미트볼토마토소스(재),7:42,8:18,36,W003318,볶음,쿠킹실,2018-08-17
7,C005,2동 쿠커 #4,26A01077,시아스고구마샐러드/GS(재),10:23,10:56,33,W003312,전처리,쿠킹실,2018-08-17
14,D087,냉동밥 내포장#2,1BA03158,비비고불고기비빔밥200g,0:34,1:45,71,W0054F2,장비 오염,충전실,2018-08-21
6,D087,냉동밥 내포장#2,1BA03365,NEW비비고새우볶음밥210g(알밥),14:40,16:20,100,W0054F2,장비 오염,충전실,2018-08-23
2,D088,냉동밥 내포장#1,1BA03381,AAF곤드레나물밥(알밥)-NEW,10:44,11:47,63,W005722,공정 과부하,충전실,2018-08-23
11,D088,냉동밥 내포장#1,1BA03379,닭가슴살볶음밥(노브랜드)/7개입,6:53,8:27,94,W0054F2,장비 오염,충전실,2018-08-24
3,P005,3.2K마요포장(#5),16B03002,마요네즈-업소용10kg,11:30,12:06,36,W0078AA,기타,포장실,2018-08-23
17,D088,냉동밥 내포장#1,1BA03368,치즈스테이크볶음밥,0:28,2:30,122,W0054F1,공정 과부하,충전실,2018-08-25
12,P006,튜브포장(#6),13D01235,프리미엄오리엔탈드레싱1kg,18:13,18:22,9,W0079AA,기타,포장실,2018-08-24
3,P004,PET#1,13D02285,오리엔탈드레싱-N 115g,11:30,11:50,20,W0079AA,기타,포장실,2018-08-27
4,P005,3.2K마요포장(#5),13V00013,고구마베이스M,11:45,12:01,16,W0078AA,기타,포장실,2018-08-27
3,C095,2동 쿠커 #1,23K01439,허니머스타드소스-T(재),8:40,13:00,260,W003711,기타,쿠킹실,2018-08-28
9,P0F0,PET#2,13D02247,참깨&흑임자드레싱-N 220g,12:24,12:28,4,W007911,공정 과부하,포장실,2018-08-28
1,D0035,2동 로타리#3,16A03004,살사후실리샐러드,0:00,0:00,0,W005439,기타,충전실,2018-08-29
5,D088,냉동밥 내포장#1,1BA03378,매콤낙지볶음밥(노브랜드)/7개입,16:34,18:21,107,W0054F1,공정 과부하,충전실,2018-08-29
24,D088,냉동밥 내포장#1,1BA03159,비비고깍두기볶음밥200g,23:29,0:10,41,W0054F2,장비 오염,충전실,2018-08-30
16,P005,3.2K마요포장(#5),16B06008,이츠웰골드마요네즈3.2kg,15:45,16:40,55,W007911,공정 과부하,포장실,2018-08-30
5,D088,냉동밥 내포장#1,1BA03051,쉐프솔루션베이스볶음밥(시즌)500g,22:22,23:05,43,W0054F2,장비 오염,충전실,2018-09-03
8,C095,2동 쿠커 #1,26A01074,고구마토핑(재),11:20,12:50,90,W003711,기타,쿠킹실,2018-09-04
11,D087,냉동밥 내포장#2,1BA03377,통새우볶음밥(노브랜드)/7개입,17:00,18:40,100,W0054F2,장비 오염,충전실,2018-09-04
9,D087,냉동밥 내포장#2,1BA03157,비비고낙지비빔밥200g,19:20,20:46,86,W0054F2,장비 오염,충전실,2018-09-05
8,D088,냉동밥 내포장#1,1BA03216,AAF게살새우볶음밥(알밥)*,19:56,20:23,27,W0054F1,공정 과부하,충전실,2018-09-07
1,D088,냉동밥 내포장#1,1BA03300,쟌슨빌소시지볶음밥(알밥),0:18,1:32,74,W005722,공정 과부하,충전실,2018-09-08
12,C088,냉동밥 취반#1,2BA03066,CJ새우볶음밥(재),19:50,20:50,60,W0034B1,공정 과부하,쿠킹실,2018-09-11
10,D087,냉동밥 내포장#2,1BA03365,NEW비비고새우볶음밥210g(알밥),14:21,15:10,49,W005422,공정 과부하,충전실,2018-09-12
17,D088,냉동밥 내포장#1,1BA03368,치즈스테이크볶음밥,21:42,23:27,105,W0054F1,공정 과부하,충전실,2018-09-12
8,P004,PET#1,13D02285,오리엔탈드레싱-N 115g,13:53,14:07,14,W0079AA,기타,포장실,2018-09-12
16,D088,냉동밥 내포장#1,1BA03381,AAF곤드레나물밥(알밥)-NEW,7:22,9:01,99,W0054F1,공정 과부하,충전실,2018-09-14
5,P0F0,PET#2,13D02247,참깨&흑임자드레싱-N 220g,10:45,11:50,65,W0079AA,기타,포장실,2018-09-14
8,P0F0,PET#2,13D02247,참깨&흑임자드레싱-N 220g,14:00,15:55,115,W007911,공정 과부하,포장실,2018-09-14
1,C002,쿠커 #2,23R09041,크림치즈무스(재),8:25,8:49,24,W003312,전처리,쿠킹실,2018-09-17
8,P0F0,PET#2,13D02244,골드파인애플&골드키위저지방샐러드-N 235g,17:40,18:00,20,W0079AA,기타,포장실,2018-09-18
7,D087,냉동밥 내포장#2,1BA03158,비비고불고기비빔밥200g,17:04,19:41,157,W0054F1,공정 과부하,충전실,2018-09-19
2,D088,냉동밥 내포장#1,1BA03381,AAF곤드레나물밥(알밥)-NEW,10:20,11:20,60,W0054F1,공정 과부하,충전실,2018-09-19
4,D088,냉동밥 내포장#1,1BA03049,김치볶음밥-S,7:36,9:18,102,W0054F1,공정 과부하,충전실,2018-10-25
6,D088,냉동밥 내포장#1,1BA03224,낙지쭈꾸미볶음밥,13:38,15:27,109,W0054F1,공정 과부하,충전실,2018-10-25
5,C045,쿠커 #5,23R10044,노브랜드머스타드소스(재),7:15,8:03,48,W003312,전처리,쿠킹실,2018-11-01
10,D088,냉동밥 내포장#1,1BA03385,한입밥용냉동밥,21:30,23:13,103,W0054F1,공정 과부하,충전실,2018-11-06
15,P006,튜브포장(#6),13R11032,노브랜드스테이크소스,19:27,19:48,21,W0079AA,기타,포장실,2018-11-08
2,D088,냉동밥 내포장#1,1BA03075,CJ새우볶음밥3kg,4:00,5:38,98,W0054F1,공정 과부하,충전실,2018-11-09
1,D087,냉동밥 내포장#2,1BA03366,NEW비비고새우볶음밥(홈플),8:12,9:55,103,W0054F1,공정 과부하,충전실,2018-11-13
13,C007,프리머 #1,26B03004,마요네즈-업소용18kg(재),16:30,16:58,28,W003419,기타,쿠킹실,2018-11-20
15,D087,냉동밥 내포장#2,1BA03365,NEW비비고새우볶음밥210g(알밥),21:58,0:02,124,W0054F2,장비 오염,충전실,2018-11-20
1,D088,냉동밥 내포장#1,1BA03119,홍익돈까스 야채볶음밥,1:03,1:40,37,W0054F1,공정 과부하,충전실,2018-11-20
4,D088,냉동밥 내포장#1,1BA03376,시아스야채볶음밥1kg,7:09,7:48,39,W005722,공정 과부하,충전실,2018-11-20
13,C007,프리머 #1,26B06084,디딤돌골드마요네즈3.2kg(재),16:45,17:20,35,W003452,충진 오류,쿠킹실,2018-11-22
5,C088,냉동밥 취반#1,2BA03066,CJ새우볶음밥(재),1:20,2:10,50,W0034B1,공정 과부하,쿠킹실,2018-11-22
15,D087,냉동밥 내포장#2,1BA03158,비비고불고기비빔밥200g,11:01,12:26,85,W0054F1,공정 과부하,충전실,2018-11-24
5,D088,냉동밥 내포장#1,1BA03049,김치볶음밥-S,13:05,14:18,73,W0054F1,공정 과부하,충전실,2018-11-23
10,D088,냉동밥 내포장#1,1BA03378,매콤낙지볶음밥(노브랜드)/7개입,23:28,0:12,44,W005722,공정 과부하,충전실,2018-11-23
3,D087,냉동밥 내포장#2,1BA03157,비비고낙지비빔밥200g,7:33,8:48,75,W0054F1,공정 과부하,충전실,2018-11-27
6,D088,냉동밥 내포장#1,1BA03137,매드포갈릭갈릭버터라이스300g,16:13,17:58,105,W0054F2,장비 오염,충전실,2018-11-27
2,C088,냉동밥 취반#1,2BA03047,시아스야채볶음밥3kg(재),0:30,1:30,60,W0034B1,공정 과부하,쿠킹실,2018-11-28
7,D088,냉동밥 내포장#1,1BA03395,오양김치볶음밥,14:12,15:49,97,W0054F1,공정 과부하,충전실,2018-11-29
3,D087,냉동밥 내포장#2,1BA03366,NEW비비고새우볶음밥(홈플),4:32,6:15,103,W0054F2,장비 오염,충전실,2018-11-30
5,D045,병(PET)12열충전,13D02249,아몬드&호두드레싱-N 225g,10:16,10:29,13,W005817,라벨부착 오류,충전실,2018-12-05
11,D088,냉동밥 내포장#1,1BA03093,비비고취나물밥200g,1:58,4:07,129,W0054F1,공정 과부하,충전실,2018-12-06
13,C002,쿠커 #2,23D01143,요거트드레싱(재),8:30,9:18,48,W0036D1,사이드 글라스,쿠킹실,2018-12-07
9,D087,냉동밥 내포장#2,1BA03213,AAF불곱창깍두기볶음밥250g(알밥)*,23:31,0:06,35,W0054F2,장비 오염,충전실,2018-12-07
5,D088,냉동밥 내포장#1,1BA03205,마왕갈릭라이스,12:39,13:36,57,W005722,공정 과부하,충전실,2018-12-11
2,D087,냉동밥 내포장#2,1BA03393,오양새우볶음밥,11:32,13:27,115,W0054F1,공정 과부하,충전실,2018-12-12
7,C001,쿠커 #1,23C01061,호식이불짬뽕소스-H 2kg(재),14:13,14:33,20,W003325,기타,쿠킹실,2018-12-14
6,C088,냉동밥 취반#1,2BA03285,콩콩푸드밥5kg(재),23:20,0:20,60,W0034B1,공정 과부하,쿠킹실,2018-12-15
4,D088,냉동밥 내포장#1,1BA03049,김치볶음밥-S,19:27,20:00,33,W0054F1,공정 과부하,충전실,2018-12-15
10,C088,냉동밥 취반#1,2BA03284,곤드레나물밥H5kg(재),22:10,23:10,60,W0034B1,공정 과부하,쿠킹실,2018-12-19
2,D088,냉동밥 내포장#1,1BA03074,CJ햄야채볶음밥3kg,10:00,10:37,37,W0054F1,공정 과부하,충전실,2018-12-20
8,D088,냉동밥 내포장#1,1BA03389,게살볶음밥E,17:58,19:37,99,W0054F1,공정 과부하,충전실,2018-12-20
13,D087,냉동밥 내포장#2,1BA03300,쟌슨빌소시지볶음밥(알밥),1:48,2:15,27,W005722,공정 과부하,충전실,2018-12-22
18,D088,냉동밥 내포장#1,1BA03281,취나물현미밥5kg,23:59,1:00,-1379,W005722,공정 과부하,충전실,2018-12-23
13,C003,쿠커 #3,23B00084,모히토칵테일베이스-2(재),7:17,7:49,32,W003441,규격보정,쿠킹실,2018-12-29
1,C007,프리머 #1,23V00005,단호박베이스-2(재),8:30,11:31,181,W003552,보일러 꺼짐,쿠킹실,2018-12-26
6,D087,냉동밥 내포장#2,1BA03158,비비고불고기비빔밥200g,12:59,14:00,61,W0054F2,장비 오염,충전실,2019-01-23
8,D087,냉동밥 내포장#2,1BA03158,비비고불고기비빔밥200g,14:00,14:17,17,W005722,공정 과부하,충전실,2019-01-23
4,D088,냉동밥 내포장#1,1BA03138,매드포갈릭갈릭버터라이스200g,9:10,10:00,50,W0054F1,공정 과부하,충전실,2019-01-29
4,C005,2동 쿠커 #4,26A01017,고구마샐러드FM(재),16:50,19:51,181,W003552,보일러 꺼짐,쿠킹실,2019-02-07
1,D088,냉동밥 내포장#1,1BA03049,김치볶음밥-S,6:55,8:32,97,W005722,공정 과부하,충전실,2019-02-09
10,D088,냉동밥 내포장#1,1BA03159,비비고깍두기볶음밥200g,17:35,18:35,60,W005722,공정 과부하,충전실,2019-02-09
8,D088,냉동밥 내포장#1,1BA03389,게살볶음밥E,14:06,15:46,100,W005722,공정 과부하,충전실,2019-02-12
11,D088,냉동밥 내포장#1,1BA03389,게살볶음밥E,23:38,0:20,42,W0054F2,장비 오염,충전실,2019-02-19
9,D087,냉동밥 내포장#2,1BA03158,비비고불고기비빔밥200g,16:13,17:20,67,W0054F2,장비 오염,충전실,2019-02-20
1,D088,냉동밥 내포장#1,1BA03389,게살볶음밥E,6:30,7:20,50,W0054F2,장비 오염,충전실,2019-02-20
7,D088,냉동밥 내포장#1,1BA03389,게살볶음밥E,13:40,14:40,60,W005722,공정 과부하,충전실,2019-02-20
1,D088,냉동밥 내포장#1,1BA10044,팔도비빔밥-진짜짜장,1:22,2:00,38,W0054F1,공정 과부하,충전실,2019-02-21
7,P005,3.2K마요포장(#5),16B06003,골드마요네즈3.2kg,9:00,9:37,37,W0079AA,기타,포장실,2019-02-21
7,D088,냉동밥 내포장#1,1BA03281,취나물현미밥5kg,20:42,23:26,164,W0054F1,공정 과부하,충전실,2019-02-23
8,D088,냉동밥 내포장#1,1BA03281,취나물현미밥5kg,23:27,0:44,77,W005722,공정 과부하,충전실,2019-02-23
3,D087,냉동밥 내포장#2,1BA03374,비비고소고기볶음밥200g(알밥),21:10,22:45,95,W0054F1,공정 과부하,충전실,2019-02-25
7,P004,PET#1,13K01423,쌈장소스235g,16:25,16:39,14,W0079AA,기타,포장실,2019-02-26
8,C096,2동 쿠커 #2,2BA01018,큼직한쇠고기버섯죽(재),14:14,14:44,30,W003552,보일러 꺼짐,쿠킹실,2019-02-27
16,D087,냉동밥 내포장#2,1BA03158,비비고불고기비빔밥200g,19:53,21:28,95,W0054F2,장비 오염,충전실,2019-02-27
2,D088,냉동밥 내포장#1,1BA03389,게살볶음밥E,6:10,8:10,120,W005722,공정 과부하,충전실,2019-02-28
16,D088,냉동밥 내포장#1,1BA03369,팔도산채나물밥(알밥),6:57,8:43,106,W005722,공정 과부하,충전실,2019-03-01
2,D087,냉동밥 내포장#2,1BA03365,NEW비비고새우볶음밥210g(알밥),8:53,10:32,99,W005722,공정 과부하,충전실,2019-03-05
11,D088,냉동밥 내포장#1,1BA03369,팔도산채나물밥(알밥),19:30,2:51,-999,W005722,공정 과부하,충전실,2019-03-06
8,D007,2동 6열컵실러#1,16A03018,I'm e콘치즈샐러드,13:55,14:45,50,W0056B9,기타,충전실,2019-03-06
9,C001,쿠커 #1,23K01433,고추장소스(재),15:16,16:34,78,W003441,규격보정,쿠킹실,2019-03-07
11,P005,3.2K마요포장(#5),16B03002,마요네즈-업소용10kg,9:20,11:45,145,W007821,점도이상,포장실,2019-03-09
5,D088,냉동밥 내포장#1,1BA03415,한가득낙지볶음밥,20:53,23:02,129,W005722,공정 과부하,충전실,2019-03-09
12,D087,냉동밥 내포장#2,1BA03201,비비고닭가슴살볶음밥210g(알밥),4:52,6:40,108,W005722,공정 과부하,충전실,2019-03-14
4,P004,PET#1,13D02279,허니머스타드드레싱-N 510g,14:15,14:38,23,W0079AA,기타,포장실,2019-03-14
11,D087,냉동밥 내포장#2,1BA03158,비비고불고기비빔밥200g,21:32,23:00,88,W005722,공정 과부하,충전실,2019-03-15
1,D088,냉동밥 내포장#1,1BA03094,비비고곤드레밥200g,2:52,3:50,58,W0054F1,공정 과부하,충전실,2019-03-15
3,P005,3.2K마요포장(#5),16B06008,이츠웰골드마요네즈3.2kg,16:00,16:10,10,W007911,공정 과부하,포장실,2019-03-18
3,D087,냉동밥 내포장#2,1BA03374,비비고소고기볶음밥200g(알밥),8:18,9:48,90,W0054F1,공정 과부하,충전실,2019-03-20
9,D087,냉동밥 내포장#2,1BA03373,비비고햄야채볶음밥200g(알밥),17:01,18:45,104,W0054F1,공정 과부하,충전실,2019-03-20
7,D043,2동 4열충진기,13G02078,dip양념치킨소스/하림,11:02,11:30,28,W0058Z9,기타,충전실,2019-03-21
2,P005,3.2K마요포장(#5),16B06003,골드마요네즈3.2kg,9:00,9:36,36,W0079AA,기타,포장실,2019-03-22
8,D087,냉동밥 내포장#2,1BA03378,매콤낙지볶음밥(노브랜드)/7개입,20:50,22:23,93,W0054F1,공정 과부하,충전실,2019-03-25
6,D088,냉동밥 내포장#1,1BA03372,볶음밥베이스E,16:40,17:29,49,W0054F1,공정 과부하,충전실,2019-03-25
1,D087,냉동밥 내포장#2,1BA10029,비비고불고기비빔밥(롯데),22:50,0:47,-1323,W0054F1,공정 과부하,충전실,2019-04-24
3,D088,냉동밥 내포장#1,1BA03377,통새우볶음밥(노브랜드)/7개입,7:57,9:30,93,W0054F1,공정 과부하,충전실,2019-04-24
10,D088,냉동밥 내포장#1,1BA03202,강원나물밥200g(알밥),2:58,4:33,95,W0054F1,공정 과부하,충전실,2019-04-30
16,D088,냉동밥 내포장#1,1BA03273,하나로치킨데리야끼볶음밥,17:46,18:45,59,W0054F1,공정 과부하,충전실,2019-05-02
5,D087,냉동밥 내포장#2,1BA03384,비비고불고기비빔밥(EMT)/알밥,14:20,14:48,28,W005722,공정 과부하,충전실,2019-05-09
10,P006,튜브포장(#6),13A00877,팔도만능비빔장,19:43,19:57,14,W0079AA,기타,포장실,2019-05-09
15,C003,쿠커 #3,23D04125,카츠젠사우전아일랜드드레싱2kg(재),0:53,1:37,44,W003444,점도이상,쿠킹실,2019-05-15
2,D088,냉동밥 내포장#1,1BA03349,담두낙지볶음밥,1:00,1:00,0,W005722,공정 과부하,충전실,2019-05-17
16,D088,냉동밥 내포장#1,1BA03345,퀴노아렌틸콩잡곡밥(도시락용),18:10,19:14,64,W005722,공정 과부하,충전실,2019-05-17
19,D088,냉동밥 내포장#1,1BA03403,보리귀리렌틸콩밥E,23:00,0:33,-1347,W005722,공정 과부하,충전실,2019-05-18
6,D087,냉동밥 내포장#2,1BA03416,한가득중화풍볶음밥,22:58,0:38,100,W0054F2,장비 오염,충전실,2019-05-20
11,D087,냉동밥 내포장#2,1BA03436,비비고소고기볶음밥(200g),23:10,23:50,40,W005722,공정 과부하,충전실,2019-05-21
9,D088,냉동밥 내포장#1,1BA03389,게살볶음밥E,19:53,21:22,89,W0054F2,장비 오염,충전실,2019-05-21
5,D088,냉동밥 내포장#1,1BA03047,시아스야채볶음밥3kg,15:01,15:59,58,W005722,공정 과부하,충전실,2019-05-23
9,D088,냉동밥 내포장#1,1BA03094,비비고곤드레밥200g,19:38,21:16,98,W005722,공정 과부하,충전실,2019-05-23
8,P0F0,PET#2,13D02243,키위저지방샐러드소스-N 235g,19:02,19:08,6,W0079AA,기타,포장실,2019-05-23
6,D011,2동 오리히로,16A01063,시아스고구마샐러드,13:52,14:10,18,W005921,원료 지연,충전실,2019-05-27
18,D088,냉동밥 내포장#1,1BA03138,매드포갈릭갈릭버터라이스200g,0:38,2:19,101,W0054F2,장비 오염,충전실,2019-05-28
5,P006,튜브포장(#6),13D01235,프리미엄오리엔탈드레싱1kg,13:25,14:06,41,W007212,위치조정실패,포장실,2019-05-27
4,D087,냉동밥 내포장#2,1BA03415,한가득낙지볶음밥,12:04,15:20,196,W005722,공정 과부하,충전실,2019-05-29
10,D088,냉동밥 내포장#1,1BA03192,굴소스라이스(3kg),0:40,2:26,106,W005722,공정 과부하,충전실,2019-05-30
9,D011,2동 오리히로,16A01063,시아스고구마샐러드,14:20,14:22,2,W005921,원료 지연,충전실,2019-06-04
16,D087,냉동밥 내포장#2,1BA03213,AAF불곱창깍두기볶음밥250g(알밥)*,22:53,22:57,4,W0054F2,장비 오염,충전실,2019-06-04
14,D088,냉동밥 내포장#1,1BA03315,위즈메택불고기맛볶음밥,19:53,20:45,52,W0054F1,공정 과부하,충전실,2019-06-04
7,P004,PET#1,13D02308,발사믹올리브유드레싱110g,11:05,11:15,10,W0079AA,기타,포장실,2019-06-05
5,D013,마요네즈 수동,13V00005,단호박베이스-2,10:58,11:47,49,W005336,기타,충전실,2019-06-12
14,D088,냉동밥 내포장#1,1BA03389,게살볶음밥E,20:42,21:25,43,W0054F2,장비 오염,충전실,2019-06-12
13,D087,냉동밥 내포장#2,1BA03406,CJ김치볶음밥(수출용),17:02,18:21,79,W0054F2,장비 오염,충전실,2019-06-14
8,D087,냉동밥 내포장#2,1BA03416,한가득중화풍볶음밥,5:10,5:49,39,W005722,공정 과부하,충전실,2019-06-18
9,C010,파일롯,23A00909,낙지비빔양념장25g*2ea(연포)(재),13:26,14:13,47,W0036A1,밸브,쿠킹실,2019-06-18
11,D013,마요네즈 수동,16B03005,마요네즈-P(현미유)/국산난황,14:48,15:28,40,W005318,업체미입고(용기 미입고),충전실,2019-06-18
3,D088,냉동밥 내포장#1,1BA03437,게살볶음밥-F,13:26,14:00,34,W0054F1,공정 과부하,충전실,2019-06-19
15,D088,냉동밥 내포장#1,1BA03284,곤드레나물밥H5kg,5:20,8:46,206,W005722,공정 과부하,충전실,2019-06-21
16,D088,냉동밥 내포장#1,1BA03286,어수리나물밥5kg,12:22,12:43,21,W005722,공정 과부하,충전실,2019-06-21
17,D088,냉동밥 내포장#1,1BA03282,퀴노아렌틸콩현미볶음밥5kg,19:16,20:00,44,W0054F1,공정 과부하,충전실,2019-06-21
1,D013,마요네즈 수동,16B04006,마요네즈-제빵용18kg,9:16,9:17,1,W005733,QA 규격 오류,충전실,2019-06-25
8,D088,냉동밥 내포장#1,1BA03389,게살볶음밥E,12:30,13:00,30,W005722,공정 과부하,충전실,2019-06-25
13,D088,냉동밥 내포장#1,1BA03216,AAF게살새우볶음밥(알밥)*,19:42,21:00,78,W005722,공정 과부하,충전실,2019-06-25
2,P005,3.2K마요포장(#5),16B06008,이츠웰골드마요네즈3.2kg,9:18,9:35,17,W007911,공정 과부하,포장실,2019-07-31
7,P006,튜브포장(#6),13A00877,팔도만능비빔장,14:35,14:53,18,W0079AA,기타,포장실,2019-07-31
1,D088,냉동밥 내포장#1,1BA03389,게살볶음밥E,4:00,4:48,48,W0054F1,공정 과부하,충전실,2019-08-08
2,C001,쿠커 #1,23S01433,로제소스-O(재),13:20,13:47,27,W003444,점도이상,쿠킹실,2019-08-21
6,D088,냉동밥 내포장#1,1BA03437,게살볶음밥-F,11:40,13:08,88,W0054F1,공정 과부하,충전실,2019-08-27
5,L001,전처리1실,23D02238,오리엔탈드레싱-N 240g(재),11:06,11:19,13,W002311,업체미입고(재료 미입고),계량실,2019-08-27
5,P005,3.2K마요포장(#5),16B06008,이츠웰골드마요네즈3.2kg,11:44,12:00,16,W0076H2,그립퍼,포장실,2019-08-29
7,D005,3.2마요,16B06003,골드마요네즈3.2kg,14:56,15:06,10,W005817,라벨부착 오류,충전실,2019-09-06
8,D087,냉동밥 내포장#2,1BA03461,철판직화볶음밥,18:13,20:13,120,W0054F1,공정 과부하,충전실,2019-09-06
2,D088,냉동밥 내포장#1,1BA03367,보리리조또베이스E,5:16,7:03,107,W0054F1,공정 과부하,충전실,2019-09-06
10,D008,파일롯 - 수동,13C01064,참깨베이스,19:58,19:59,1,W005712,공정 과부하,충전실,2019-09-09
1,D087,냉동밥 내포장#2,1BA03461,철판직화볶음밥,8:19,10:50,151,W0054F1,공정 과부하,충전실,2019-09-10
6,D088,냉동밥 내포장#1,1BA03474,풀잎채라이스,13:30,14:33,63,W005722,공정 과부하,충전실,2019-09-10
6,P006,튜브포장(#6),13D01286,홈스타일오리엔탈드레싱,10:18,10:40,22,W007211,PSD패킹 교체,포장실,2019-09-11
16,P006,튜브포장(#6),13D01235,프리미엄오리엔탈드레싱1kg,18:17,18:36,19,W007911,공정 과부하,포장실,2019-09-11
12,D011,2동 오리히로,16A01074,고구마토핑,6:15,6:28,13,W0058Z9,기타,충전실,2019-09-17
5,D088,냉동밥 내포장#1,1BA03216,AAF게살새우볶음밥(알밥)*,14:05,14:33,28,W005722,공정 과부하,충전실,2019-09-17
7,P003,파우치포장(#3),16B06095,골드마요네즈3.2kg(캡파우치),18:35,18:46,11,W007911,공정 과부하,포장실,2019-09-17
3,D088,냉동밥 내포장#1,1BA03456,한끼든든김치볶음밥,17:38,18:06,28,W0054F1,공정 과부하,충전실,2019-09-18
3,C008,프리머 #2,26B06101,정성담은마요네즈(1kg)(재),9:30,13:02,212,W003711,기타,쿠킹실,2019-09-23
6,P002,파우치포장(#2),13R09041,크림치즈무스,11:42,12:21,39,W007911,공정 과부하,포장실,2019-09-23
16,P002,파우치포장(#2),13A00701,마왕소스(순한맛),23:05,23:20,15,W007911,공정 과부하,포장실,2019-09-25
2,D088,냉동밥 내포장#1,1BA03412,리얼통새우볶음밥,1:10,2:16,66,W005722,공정 과부하,충전실,2019-09-26
10,P002,파우치포장(#2),13R05025,BK디아블로소스(1kg),20:45,21:20,35,W007911,공정 과부하,포장실,2019-09-26
7,P002,파우치포장(#2),13C00019,염지용소스,21:30,21:47,17,W0079AA,기타,포장실,2019-09-30
2,D087,냉동밥 내포장#2,1BA03415,한가득낙지볶음밥,7:35,13:18,343,W0054F1,공정 과부하,충전실,2019-10-02
3,P002,파우치포장(#2),13K03141,선진어니언크림소스,9:50,10:05,15,W007911,공정 과부하,포장실,2019-10-03
6,D088,냉동밥 내포장#1,1BA03454,Sias새우볶음밥,4:00,5:45,105,W0054F2,장비 오염,충전실,2019-10-10
3,C007,프리머 #1,23V00005,단호박베이스-2(재),11:21,12:25,64,W003489,기타,쿠킹실,2019-10-14
5,D088,냉동밥 내포장#1,1BA03205,마왕갈릭라이스,13:45,14:31,46,W0054F1,공정 과부하,충전실,2019-10-14
9,D088,냉동밥 내포장#1,1BA03389,게살볶음밥E,20:52,22:40,108,W0054F1,공정 과부하,충전실,2019-10-14
4,D088,냉동밥 내포장#1,1BA03415,한가득낙지볶음밥,8:00,9:30,90,W0054G1,별도구작업,충전실,2019-10-16
1,D088,냉동밥 내포장#1,1BA03347,탄두리치킨볶음밥(도시락용),9:24,11:33,129,W0054F1,공정 과부하,충전실,2019-10-19
2,D088,냉동밥 내포장#1,1BA03345,퀴노아렌틸콩잡곡밥(도시락용),13:45,15:35,110,W0054F1,공정 과부하,충전실,2019-10-19
7,D088,냉동밥 내포장#1,1BA03415,한가득낙지볶음밥,19:26,22:23,177,W0054F2,장비 오염,충전실,2019-10-22
7,D088,냉동밥 내포장#1,1BA03478,Homeplus signature 곤드레버섯나물밥(알밥),10:24,10:25,1,W0054F1,공정 과부하,충전실,2019-10-25
2,C003,쿠커 #3,23R09018,렌치치즈소스(재),14:15,14:54,39,W003444,점도이상,쿠킹실,2019-10-25
4,C088,냉동밥 취반#1,2BA03477,signature 낙지볶음밥(알밥)(재),19:00,20:00,60,W0034B1,공정 과부하,쿠킹실,2019-10-25
5,D087,냉동밥 내포장#2,1BA03371,비비고닭갈비볶음밥(알밥),13:32,15:05,93,W0054F1,공정 과부하,충전실,2019-11-28
9,D087,냉동밥 내포장#2,1BA03371,비비고닭갈비볶음밥(알밥),15:20,22:33,433,W0054E1,온도 상승 지연,충전실,2019-11-28
1,D087,냉동밥 내포장#2,1BA03484,중화풍볶음밥-C,4:36,5:10,34,W0054F1,공정 과부하,충전실,2019-12-04
3,D087,냉동밥 내포장#2,1BA03416,한가득중화풍볶음밥,8:46,9:45,59,W0054F1,공정 과부하,충전실,2019-12-10
9,D088,냉동밥 내포장#1,1BA03368,치즈스테이크볶음밥,17:23,19:05,102,W0054F1,공정 과부하,충전실,2019-12-12
13,D088,냉동밥 내포장#1,1BA03288,한그릇연근우엉밥3kg,23:41,0:57,-1364,W0054F1,공정 과부하,충전실,2019-12-13
15,D088,냉동밥 내포장#1,1BA03432,김민교의사와디밥돼지고기바질볶음밥,5:02,6:29,87,W005722,공정 과부하,충전실,2019-12-17
12,D0036,로타리 #5,16B06098,맛있는골드마요네즈1kg,13:44,13:48,4,W005722,공정 과부하,충전실,2019-12-26
3,D088,냉동밥 내포장#1,1BA03049,김치볶음밥-S,6:17,7:50,93,W0054F2,장비 오염,충전실,2019-12-24
7,D088,냉동밥 내포장#1,1BA03049,김치볶음밥-S,13:37,14:07,30,W005722,공정 과부하,충전실,2019-12-24
5,C003,쿠커 #3,23R09057,버터크림소스(재),19:09,19:13,4,W003444,점도이상,쿠킹실,2019-12-26
3,D088,냉동밥 내포장#1,1BA03456,한끼든든김치볶음밥,10:37,10:56,19,W005722,공정 과부하,충전실,2019-12-27
8,P005,3.2K마요포장(#5),16B06003,골드마요네즈3.2kg,3:17,3:51,34,W007911,공정 과부하,포장실,2019-12-28
8,D087,냉동밥 내포장#2,1BA03438,새우볶음밥-F,15:30,16:54,84,W0054F1,공정 과부하,충전실,2020-01-03
4,D088,냉동밥 내포장#1,1BA03049,김치볶음밥-S,10:00,10:43,43,W0054F1,공정 과부하,충전실,2020-01-03
12,P003,파우치포장(#3),16B06101,정성담은마요네즈(1kg),10:58,11:19,21,W007911,공정 과부하,포장실,2020-01-06
6,P006,튜브포장(#6),13D01285,홈스타일발사믹드레싱,18:50,18:59,9,W0079AA,기타,포장실,2020-01-07
12,D045,병(PET)12열충전,13D02286,발사믹올리브유드레싱235g,16:26,16:31,5,W0058Z9,기타,충전실,2020-01-08
3,D088,냉동밥 내포장#1,1BA03474,풀잎채라이스,9:28,10:17,49,W0054F1,공정 과부하,충전실,2020-01-08
1,D005,3.2마요,16B06003,골드마요네즈3.2kg,9:37,9:53,16,W005817,라벨부착 오류,충전실,2020-01-10
6,P006,튜브포장(#6),16B06100,정성담은마요네즈(250g),15:30,15:45,15,W007211,PSD패킹 교체,포장실,2020-01-10
11,C003,쿠커 #3,23K03132,어니언크림소스-S(재),6:02,6:21,19,W003444,점도이상,쿠킹실,2020-01-16
10,D088,냉동밥 내포장#1,1BA03389,게살볶음밥E,3:40,5:11,91,W0054F2,장비 오염,충전실,2020-01-16
13,D003,로타리 #2,13A00702,마왕소스(매운맛),5:40,5:55,15,W0058Z1,대차 적재 공간 부족,충전실,2020-01-17
11,D006,튜브,13R10044,노브랜드머스타드소스,15:50,16:05,15,W0058Z9,기타,충전실,2020-01-17
11,D0036,로타리 #5,16B06095,골드마요네즈3.2kg(캡파우치),14:08,14:36,28,W0058Z9,기타,충전실,2020-01-21
10,D087,냉동밥 내포장#2,1BA03323,해물철판볶음밥,13:14,16:16,182,W0054F1,공정 과부하,충전실,2020-01-21
2,D088,냉동밥 내포장#1,1BA03316,위즈메택김치볶음밥,11:29,12:24,55,W005722,공정 과부하,충전실,2020-01-23
5,P006,튜브포장(#6),1.#JE+00,시아스사누끼우동소스,17:10,17:27,17,W0079AA,기타,포장실,2020-01-28
1,C045,쿠커 #5,23A00877,팔도만능비빔장(재),8:40,8:45,5,W003447,산도(ph) 이상,쿠킹실,2020-01-29
11,D0036,로타리 #5,16B06048,천년풍미퓨어마요네즈,12:26,12:46,20,W005A11,기타,충전실,2020-01-29
4,D013,마요네즈 수동,16B03004,마요네즈-업소용18kg,13:15,13:50,35,W0058Z9,기타,충전실,2020-01-30
6,P006,튜브포장(#6),13D01235,프리미엄오리엔탈드레싱1kg,15:17,15:32,15,W007911,공정 과부하,포장실,2020-01-31
1,D005,3.2마요,16B03005,마요네즈-P(현미유)/국산난황,10:35,11:04,29,W0058Z9,기타,충전실,2020-02-03
8,D087,냉동밥 내포장#2,1BA03416,한가득중화풍볶음밥,15:40,16:28,48,W005722,공정 과부하,충전실,2020-02-04
6,D087,냉동밥 내포장#2,1BA03415,한가득낙지볶음밥,10:25,13:39,194,W0054G1,별도구작업,충전실,2020-02-07
8,C002,쿠커 #2,23K01451,선진매콤칠리소스(재),21:25,21:38,13,W003633,기타,쿠킹실,2020-02-10
1,D006,튜브,13R09063,스위트몬스터빅스프레더블,9:30,9:58,28,W0058Z9,기타,충전실,2020-02-10
8,P0F0,PET#2,13D02328,(20년)참깨&흑임자드레싱-N105g,2:31,2:46,15,W0079AA,기타,포장실,2020-03-21
9,P0F0,PET#2,13D02328,(20년)참깨&흑임자드레싱-N105g,4:10,4:22,12,W0079AA,기타,포장실,2020-03-21
4,D013,마요네즈 수동,13V00005,단호박베이스-2,11:00,11:38,38,W005724,위치조정실패,충전실,2020-03-31
7,D087,냉동밥 내포장#2,1BA03271,하나로햄야채볶음밥,22:53,0:51,118,W0054F1,공정 과부하,충전실,2020-04-07
7,D088,냉동밥 내포장#1,1BA03343,병아리콩잡곡밥(도시락용),11:29,12:41,72,W005722,공정 과부하,충전실,2020-04-10
7,C007,프리머 #1,26B01006,시아스샐러드마요-2(자사용)(재),18:15,19:16,61,W003452,충진 오류,쿠킹실,2020-04-13
14,P006,튜브포장(#6),13D01286,홈스타일오리엔탈드레싱,20:30,21:22,52,W007911,공정 과부하,포장실,2020-04-14
10,D088,냉동밥 내포장#1,1BA03192,굴소스라이스(3kg),13:20,14:00,40,W005722,공정 과부하,충전실,2020-04-22
2,D088,냉동밥 내포장#1,1BA03256,NEW김치볶음밥300g,16:50,17:50,60,W0054F1,공정 과부하,충전실,2020-04-22
5,D088,냉동밥 내포장#1,1BA03511,(쿠팡)곰곰대패삼겹볶음밥,22:56,0:34,98,W0054F1,공정 과부하,충전실,2020-04-22
10,D010,벌크(캔),13R09056,치즈소스J,15:46,17:16,90,W005113,부족,충전실,2020-04-23
6,P0F0,PET#2,13D02270,발사믹올리브유드레싱525g,16:05,16:28,23,W0079AA,기타,포장실,2020-04-25
4,D088,냉동밥 내포장#1,1BA03389,게살볶음밥E,16:00,16:52,52,W005722,공정 과부하,충전실,2020-04-27
6,D087,냉동밥 내포장#2,1BA03255,NEW낙지볶음밥300g,17:41,18:50,69,W005722,공정 과부하,충전실,2020-04-29
1,D088,냉동밥 내포장#1,1BA03415,한가득낙지볶음밥,4:32,5:17,45,W0054F1,공정 과부하,충전실,2020-04-29
3,D088,냉동밥 내포장#1,1BA03245,깍두기밥5kg,10:03,11:42,99,W0054F1,공정 과부하,충전실,2020-04-29
8,D088,냉동밥 내포장#1,1BA03515,(쿠팡)곰곰갈비맛치킨밥,3:10,4:09,59,W0054F2,장비 오염,충전실,2020-05-07
3,P003,파우치포장(#3),16B06022,피자스쿨마요네즈,10:30,11:29,59,W0079AA,기타,포장실,2020-05-07
2,D088,냉동밥 내포장#1,1BA03049,김치볶음밥-S,13:22,16:00,158,W0054F1,공정 과부하,충전실,2020-05-08
2,D088,냉동밥 내포장#1,1BA03138,매드포갈릭갈릭버터라이스200g,9:23,10:04,41,W0054F1,공정 과부하,충전실,2020-05-13
8,C001,쿠커 #1,23A00033,사쿠사쿠양념치킨소스2kg(재),16:10,16:48,38,W003444,점도이상,쿠킹실,2020-05-14
1,P003,파우치포장(#3),16B06077,시아스골드마요네즈2kg-에스그린,11:00,11:30,30,W0079AA,기타,포장실,2020-05-18
5,D088,냉동밥 내포장#1,1BA03389,게살볶음밥E,19:28,20:11,43,W0054F2,장비 오염,충전실,2020-05-19
10,D088,냉동밥 내포장#1,1BA03049,김치볶음밥-S,17:04,18:23,79,W005722,공정 과부하,충전실,2020-05-20
4,C010,파일롯,23A00909,낙지비빔양념장25g*2ea(연포)(재),11:55,18:46,411,W0036C1,공정 과부하,쿠킹실,2020-05-21
6,D088,냉동밥 내포장#1,1BA03138,매드포갈릭갈릭버터라이스200g,17:17,18:15,58,W0054F1,공정 과부하,충전실,2020-05-25
7,D045,병(PET)12열충전,13D02286,발사믹올리브유드레싱235g,16:43,16:52,9,W005836,약품 부족,충전실,2020-05-26
4,D087,냉동밥 내포장#2,1BA03256,NEW김치볶음밥300g,12:10,15:00,170,W0054F1,공정 과부하,충전실,2020-05-28
6,D088,냉동밥 내포장#1,1BA03415,한가득낙지볶음밥,12:35,14:32,117,W0054F1,공정 과부하,충전실,2020-05-29
2,D004,PET병,13U02020,organicstory유기농아가베시럽665g,11:45,11:57,12,W005811,센서 이상 감지,충전실,2020-06-01
4,D088,냉동밥 내포장#1,1BA03389,게살볶음밥E,1:34,2:00,26,W0054F2,장비 오염,충전실,2020-06-02
10,D088,냉동밥 내포장#1,1BA03248,NEW야채볶음밥베이스3kg,2:53,3:30,37,W005722,공정 과부하,충전실,2020-06-04
4,D088,냉동밥 내포장#1,1BA03191,땡초상하이볶음밥,21:05,22:10,65,W0054F1,공정 과부하,충전실,2020-06-05
5,D088,냉동밥 내포장#1,1BA03191,땡초상하이볶음밥,22:10,23:40,90,W005722,공정 과부하,충전실,2020-06-05
7,D088,냉동밥 내포장#1,1BA03248,NEW야채볶음밥베이스3kg,18:40,22:30,230,W0054F1,공정 과부하,충전실,2020-06-09
2,D087,냉동밥 내포장#2,1BA03501,CJ새우볶음밥(수출용-costco),11:30,12:40,70,W0054F2,장비 오염,충전실,2020-06-12
2,D087,냉동밥 내포장#2,1BA03537,마오나게살볶음밥,12:31,13:30,59,W0054F1,공정 과부하,충전실,2020-06-15
3,D087,냉동밥 내포장#2,1BA03537,마오나게살볶음밥,13:30,15:23,113,W005722,공정 과부하,충전실,2020-06-15
9,C001,쿠커 #1,23K01304,데미그라스소스-P(재),19:11,19:31,20,W003444,점도이상,쿠킹실,2020-08-03
14,C001,쿠커 #1,23A00033,사쿠사쿠양념치킨소스2kg(재),8:00,8:51,51,W003444,점도이상,쿠킹실,2020-08-04
11,D087,냉동밥 내포장#2,1BA03254,NEW치킨데리야끼볶음밥300g,16:58,19:50,172,W0054F1,공정 과부하,충전실,2020-08-07
5,D088,냉동밥 내포장#1,1BA03252,NEW소불고기볶음밥300g,19:37,21:25,108,W0054F1,공정 과부하,충전실,2020-08-19
7,D0036,로타리 #5,16B06022,피자스쿨마요네즈,9:24,11:29,125,W005113,부족,충전실,2020-08-27
6,D088,냉동밥 내포장#1,1BA03473,Homeplus signature 날치알이톡톡터지는날치알밥,7:40,10:35,175,W0054G1,별도구작업,충전실,2020-08-27
4,D088,냉동밥 내포장#1,1BA03516,(쿠팡)곰곰간장버터새우볶음밥,19:55,20:40,45,W0054F1,공정 과부하,충전실,2020-09-01
1,C002,쿠커 #2,23S01431,로제스파게티소스-M(재),7:32,7:43,11,W003711,기타,쿠킹실,2020-09-09
4,D005,3.2마요,16B06099,맛있는골드마요네즈3.2kg,12:47,14:09,82,W0058Z9,기타,충전실,2020-09-09
6,D088,냉동밥 내포장#1,1BA03250,NEW새우볶음밥300g,14:58,17:20,142,W0054F1,공정 과부하,충전실,2020-09-09
9,D088,냉동밥 내포장#1,1BA03368,치즈스테이크볶음밥,23:15,0:00,45,W0054F1,공정 과부하,충전실,2020-09-10
8,D088,냉동밥 내포장#1,1BA03415,한가득낙지볶음밥,20:30,21:25,55,W005722,공정 과부하,충전실,2020-09-11
2,D088,냉동밥 내포장#1,1BA03456,한끼든든김치볶음밥,16:01,17:35,94,W0054F1,공정 과부하,충전실,2020-09-12
1,D011,2동 오리히로,16A01063,시아스고구마샐러드,9:33,9:55,22,W0058Z9,기타,충전실,2020-09-16
3,D013,마요네즈 수동,16B03002,마요네즈-업소용10kg,13:40,14:07,27,W005724,위치조정실패,충전실,2020-09-16
6,D088,냉동밥 내포장#1,1BA03288,한그릇연근우엉밥3kg,17:28,19:03,95,W0054F1,공정 과부하,충전실,2020-09-16
1,D088,냉동밥 내포장#1,1BA03511,(쿠팡)곰곰대패삼겹볶음밥,12:24,12:24,0,W0054F1,공정 과부하,충전실,2020-09-19
5,D087,냉동밥 내포장#2,1BA03574,명품필라프용밥,16:25,17:44,79,W005722,공정 과부하,충전실,2020-09-21
6,D088,냉동밥 내포장#1,1BA03192,굴소스라이스(3kg),23:47,2:30,-1277,W0054F1,공정 과부하,충전실,2020-09-22
7,D088,냉동밥 내포장#1,1BA03564,대삼식당삼겹김치볶음밥,0:24,3:00,156,W0054F1,공정 과부하,충전실,2020-09-25
2,C001,쿠커 #1,23G01029,고베데리야끼소스(재),8:15,8:47,32,W003444,점도이상,쿠킹실,2020-09-26
1,D088,냉동밥 내포장#1,1BA03562,(쿡)병아리콩잡곡밥1kg,13:17,17:20,243,W0054F1,공정 과부하,충전실,2020-10-06
6,D088,냉동밥 내포장#1,1BA03471,Homeplussignature 곤드레버섯나물밥,8:30,11:00,150,W0054F1,공정 과부하,충전실,2020-10-08
5,D088,냉동밥 내포장#1,1BA03049,김치볶음밥-S,16:39,19:30,171,W0054F1,공정 과부하,충전실,2020-10-08
2,D011,2동 오리히로,16A02034,(20년)NEW단호박샐러드,9:41,9:44,3,W005A11,기타,충전실,2020-10-10
1,D088,냉동밥 내포장#1,1BA03540,(쿠팡)곰곰차돌깍두기볶음밥,7:16,8:40,84,W0054F1,공정 과부하,충전실,2020-10-15
6,D088,냉동밥 내포장#1,1BA03563,(쿡)퀴노아렌틸잡곡밥1kg,22:15,2:00,225,W0054F1,공정 과부하,충전실,2020-10-16
8,D013,마요네즈 수동,16B01006,시아스샐러드마요-2(자사용),18:58,19:18,20,W005A11,기타,충전실,2020-10-22
6,D088,냉동밥 내포장#1,1BA03513,(쿠팡)곰곰닭갈비볶음밥,20:34,22:20,106,W0054F1,공정 과부하,충전실,2020-10-23
3,D088,냉동밥 내포장#1,1BA03389,게살볶음밥E,17:20,18:50,90,W005722,공정 과부하,충전실,2020-10-26
5,D011,2동 오리히로,16A03015,sias콘샐러드(롯데마트),18:00,18:00,0,W005A11,기타,충전실,2020-10-27
12,D088,냉동밥 내포장#1,1BA03351,담두햄야채볶음밥,19:20,20:20,60,W005722,공정 과부하,충전실,2020-10-28
1,D087,냉동밥 내포장#2,1BA03476,철판직화김치볶음밥,2:56,5:02,126,W0054F1,공정 과부하,충전실,2020-10-31
1,C006,2동 쿠커 #3,2BA01024,소고기듬뿍야채죽(단품)(재),9:20,9:45,25,W003314,생산 순서 오류,쿠킹실,2020-11-02
4,D088,냉동밥 내포장#1,1BA03137,매드포갈릭갈릭버터라이스300g,15:19,16:46,87,W0054F1,공정 과부하,충전실,2020-11-03
5,C003,쿠커 #3,23S01431,로제스파게티소스-M(재),6:10,6:42,32,W003444,점도이상,쿠킹실,2020-11-07
4,D088,냉동밥 내포장#1,1BA03480,Homeplus signature 날치알이톡톡터지는날치알밥(알밥),19:44,21:20,96,W0054F1,공정 과부하,충전실,2020-11-06
1,C003,쿠커 #3,23D03109,에땅랜치소스1kg(재),10:39,11:05,26,W003444,점도이상,쿠킹실,2020-11-09
6,P0F0,PET#2,13D02238,오리엔탈드레싱-N 240g,9:44,9:58,14,W0079AA,기타,포장실,2021-01-07
3,C002,쿠커 #2,23A00985,(20년)초고추장E 25g(재),9:44,10:01,17,W003711,기타,쿠킹실,2021-01-07
5,C002,쿠커 #2,23A01107,김치삼각밥용 볶음T(재),20:52,21:42,50,W003443,업체미입고(용기 미입고),쿠킹실,2021-01-19
2,D088,냉동밥 내포장#1,1BA03049,김치볶음밥-S,14:51,17:15,144,W0054F1,공정 과부하,충전실,2021-01-28
10,C002,쿠커 #2,23A01107,김치삼각밥용 볶음T(재),16:23,17:28,65,W003442,QA 규격 오류,쿠킹실,2021-02-05
4,D004,PET병,13D02328,(20년)참깨&흑임자드레싱-N105g,15:59,15:54,-5,W005439,기타,충전실,2021-02-04
5,D088,냉동밥 내포장#1,1BA03603,통통낙지볶음밥 3kg(도시락용-자사생산),20:20,10:20,-600,W005722,공정 과부하,충전실,2021-02-07
3,D088,냉동밥 내포장#1,1BA03593,The 통통한 낙지볶음밥,12:00,13:00,60,W005722,공정 과부하,충전실,2021-02-19
4,C001,쿠커 #1,23P01242,미스터피자피자소스엠피2kg(재),15:10,15:41,31,W003489,기타,쿠킹실,2021-02-23
5,D087,냉동밥 내포장#2,1BA03508,직화새우볶음밥용냉동밥,16:52,18:43,111,W0054F1,공정 과부하,충전실,2021-02-23
2,P004,PET#1,13D02285,오리엔탈드레싱-N 115g,9:15,11:00,105,W0079AA,기타,포장실,2021-02-23
2,D088,냉동밥 내포장#1,1BA03317,위즈메택새우볶음밥,10:47,12:30,103,W0054F1,공정 과부하,충전실,2021-03-02
2,D088,냉동밥 내포장#1,1BA03049,김치볶음밥-S,12:03,14:40,157,W0054F1,공정 과부하,충전실,2021-03-03
1,D087,냉동밥 내포장#2,1BA03541,(쿠팡)곰곰포크&스크램블볶음밥,11:42,15:20,218,W0054F1,공정 과부하,충전실,2021-03-09
2,P002,파우치포장(#2),13A01072,명인쫄면소스(2kg),2:15,2:34,19,W007911,공정 과부하,포장실,2021-03-10
3,C002,쿠커 #2,23D08057,(20년)멕시칸풍비프칠리소스(재),20:44,21:29,45,W0034B2,장비 오염,쿠킹실,2021-03-10
5,C045,쿠커 #5,23A00688,초고추장E 200g(재),15:20,15:27,7,W003444,점도이상,쿠킹실,2021-03-16
5,D088,냉동밥 내포장#1,1BA03202,강원나물밥200g(알밥),21:54,0:00,-1314,W0054F1,공정 과부하,충전실,2021-03-17
4,D088,냉동밥 내포장#1,1BA03480,Homeplus signature 날치알이톡톡터지는날치알밥(알밥),22:07,0:00,-1327,W0054F1,공정 과부하,충전실,2021-03-19
2,D088,냉동밥 내포장#1,1BA03205,마왕갈릭라이스,14:12,14:37,25,W005722,공정 과부하,충전실,2021-03-24
1,C006,2동 쿠커 #3,26A03016,sias살사후실리샐러드(롯데마트)(재),9:17,10:04,47,W003119,기타,쿠킹실,2021-03-29
5,C096,2동 쿠커 #2,21501164,비프스파게티소스D(재),18:00,18:37,37,W003444,점도이상,쿠킹실,2021-04-06
12,C002,쿠커 #2,23A00702,마왕소스(매운맛)(재),18:37,19:34,57,W003711,기타,쿠킹실,2021-04-08
7,C008,프리머 #2,26B06061,천년풍미퓨어마요네즈1kg(재),14:49,14:52,3,W003711,기타,쿠킹실,2021-04-08
2,D013,마요네즈 수동,16B03002,마요네즈-업소용10kg,11:00,11:17,17,W0058Z9,기타,충전실,2021-04-14
3,D004,PET병,13D02367,(연결링)(20년)아몬드&호두드레싱-N495g*2ea,10:45,12:24,99,W0056G7,밸브,충전실,2021-04-26
1,D013,마요네즈 수동,16B03005,마요네즈-P(현미유)/국산난황,13:50,14:27,37,W0058Z9,기타,충전실,2021-04-27
3,D005,3.2마요,16B06099,맛있는골드마요네즈3.2kg,14:10,14:26,16,W005817,라벨부착 오류,충전실,2021-05-05
1,D005,3.2마요,16B06099,맛있는골드마요네즈3.2kg,9:35,10:35,60,W005817,라벨부착 오류,충전실,2021-05-12
6,D002,로타리 #1,13R05021,핫페퍼소스1kg,0:01,2:00,119,W005621,그립퍼,충전실,2021-05-14
3,D013,마요네즈 수동,16B03002,마요네즈-업소용10kg,14:38,14:56,18,W005733,QA 규격 오류,충전실,2021-05-13
1,P0F0,PET#2,13D02366,(기획세트)(20년)참깨&흑임자드레싱-N220g,13:30,14:34,64,W0079AA,기타,포장실,2021-05-18
5,D088,냉동밥 내포장#1,1BA03249,NEW햄야채볶음밥300g,5:21,6:00,39,W0054F1,공정 과부하,충전실,2021-05-26
6,D088,냉동밥 내포장#1,1BA03249,NEW햄야채볶음밥300g,6:00,7:00,60,W005722,공정 과부하,충전실,2021-05-26
5,D088,냉동밥 내포장#1,1BA03584,야채곱창볶음밥,4:37,6:41,124,W0054F1,공정 과부하,충전실,2021-05-28
3,D088,냉동밥 내포장#1,1BA03513,(쿠팡)곰곰닭갈비볶음밥,8:48,10:40,112,W0054F1,공정 과부하,충전실,2021-06-04
5,D088,냉동밥 내포장#1,1BA03597,병아리콩잡곡밥 3kg(도시락용),0:13,2:41,148,W005722,공정 과부하,충전실,2021-06-05
1,P0F0,PET#2,13D02339,(20년)아몬드&호두드레싱-N225g,13:40,13:57,17,W007911,공정 과부하,포장실,2021-06-04
4,C045,쿠커 #5,23R04042,(쿠팡)DELICIOUS돈까스소스(재),14:30,15:13,43,W003444,점도이상,쿠킹실,2021-08-19
5,D002,로타리 #1,13R08002,타르타르소스골드2kg,15:11,16:45,94,W005621,그립퍼,충전실,2021-08-19
1,D013,마요네즈 수동,13V00013,고구마베이스M,8:56,11:26,150,W0058Z9,기타,충전실,2021-09-01
5,D088,냉동밥 내포장#1,1BA03192,굴소스라이스(3kg),4:10,4:50,40,W005722,공정 과부하,충전실,2021-09-14
1,D045,병(PET)12열충전,13D02238,오리엔탈드레싱-N 240g,10:02,10:55,53,W005817,라벨부착 오류,충전실,2021-09-24
5,D088,냉동밥 내포장#1,1BA03679,(1)한그릇연근우엉밥(혼합미),23:39,0:30,-1389,W0054F1,공정 과부하,충전실,2021-09-25
8,D088,냉동밥 내포장#1,1BA03339,굿프랜즈치즈불고기볶음밥,10:32,13:03,151,W0054F1,공정 과부하,충전실,2021-10-01
10,D087,냉동밥 내포장#2,1BA03593,The 통통한 낙지볶음밥,6:48,8:39,111,W0054G1,별도구작업,충전실,2021-10-13
2,D013,마요네즈 수동,16B01006,시아스샐러드마요-2(자사용),10:56,11:34,38,W005724,위치조정실패,충전실,2021-10-13
3,D087,냉동밥 내포장#2,1BA03573,감자탕볶음밥,20:27,22:46,139,W0054F1,공정 과부하,충전실,2021-10-13
2,D003,로타리 #2,13A00701,마왕소스(순한맛),10:34,10:47,13,W005A11,기타,충전실,2021-10-14
7,D088,냉동밥 내포장#1,1BA03640,(1)게살볶음밥E,2:35,4:54,139,W0054F2,장비 오염,충전실,2021-10-19
4,D087,냉동밥 내포장#2,1BA03513,(쿠팡)곰곰닭갈비볶음밥,0:17,0:18,1,W0054F1,공정 과부하,충전실,2021-10-20
2,D0036,로타리 #5,16B06061,천년풍미퓨어마요네즈1kg,12:30,18:34,364,W005712,공정 과부하,충전실,2021-10-22
3,D084,2동 로타리#4,13A00725,샘표강된장양념,9:46,11:49,123,W005713,수리,충전실,2021-10-25
1,C045,쿠커 #5,23U02003,유기아가베시럽665g/올가홀(재),8:58,9:04,6,W003446,산도(ph) 이상,쿠킹실,2021-10-25
7,D088,냉동밥 내포장#1,1BA03709,,8:57,9:33,36,W0054F1,공정 과부하,충전실,2021-10-28
1,D005,3.2마요,16B06099,맛있는골드마요네즈3.2kg,10:50,11:06,16,W0058Z9,기타,충전실,2021-10-28
7,D087,냉동밥 내포장#2,1BA03638,(1)Homeplus signature 날치알이톡톡터지는날치알밥(알밥),14:15,14:35,20,W005722,공정 과부하,충전실,2021-10-28
