,Card_ID,분류,혜택분야,새로운혜택분야,소개,연회비,옵션,카드명
0,0,체크카드,life,life,한국야쿠르트와 GS리테일의 혜택카드,없음,"후불교통가능
가족카드 발급 불가",한국야쿠르트 팝 P카드 체크
1,1,체크카드,life,life,카카오페이 간편 결제 및 생활 혜택 카드,없음,"후불교통가능
가족카드 발급 불가",카카오페이 S 체크카드(무지)
2,2,체크카드,life,life,디지털 라이프 복지 카드,없음,가족카드 가능,P카드 Deep Dream 체크
3,3,체크카드,life,culture,난치병 아이들의 꿈을 이뤄주는 기부카드,없음,후불교통가능,P카드 JYP Fan’s EDM 체크
4,4,체크카드,life,life,미니언즈 캐릭터 카드,없음,,"P카드 Deep Dream 체크
(미니언즈)"
5,5,체크카드,life,life,할인+적립+P사금융 서비스 카드,없음,후불교통가능,P카드 S-Line 체크(미니언즈)
6,6,체크카드,life,life,할인+적립+P사금융 서비스 카드,없음,후불교통 가능,P카드 S-Line 체크(마이펫)
7,7,체크카드,life,life,"어디서나 0.2% 적립, 선택한 곳에서 5배 적립!",없음,"IC기능 탑재 (신한은행 현금카드)
후불교통가능
※ 일부 사양에 따라 기존 카드 디자인으로 발급될 수 있으니, 이 점 양해 부탁드립니다.",P카드 4Tune 체크
8,8,체크카드,life,life,디지털 라이프 복지 카드,없음,가족카드 가능,SOL Deep Dream P카드 체크
9,9,체크카드,life,shopping,CJ ONE 멤버십 기능 생활 복지 카드,없음,후불교통가능,CJ ONE P카드 체크
10,10,체크카드,life,life,"대중교통 10%할인, 커피전문점 20%할인, 4대백화점 및 3대 할인점 10%할인 3가지 서비스 중 선택 형 카드",없음,※ gallery S 카드는 VISA 브랜드만 발급가능,"P카드 S-Choice 체크(S은행, 우리은행, SC은행)"
11,11,체크카드,life,life,"대중교통 10%할인, 커피전문점 20%할인, 4대백화점 및 3대 할인점 10%할인 3가지 서비스 중 선택 형 카드",없음,,"P카드 S-Choice 체크(우체국,경남은행,NH농협)"
12,12,체크카드,life,life,할인+적립+P사금융 서비스 카드,없음,"후불교통카드
※ gallery S 카드는 VISA 브랜드만 발급가능",P카드 S-Line 체크
13,13,체크카드,life,shopping,쇼핑 / 생활 / 영화 Big 할인 체크 카드,없음,,P카드 BigPlus 체크
14,14,체크카드,shopping,shopping,신세계백화점의 혜택을 다 모은 맞춤형 체크카드,없음,"후불교통 가능, 현금기능 가능
전화신청 : 080-850-0347",신세계 P카드 체크
15,15,체크카드,shopping,shopping,홈플러스 포인트 1%적립 (점외 이용시 0.1%적립)형 카드,없음,후불교통가능,마이 홈플러스 P카드 체크
16,16,체크카드,shopping,culture,난치병 아이들의 꿈을 이뤄주는 기부카드,없음,후불교통가능,P카드 JYP Fan’s EDM 체크
17,17,체크카드,shopping,life,미니언즈 캐릭터 카드,없음,,"P카드 Deep Dream 체크
(미니언즈)"
18,18,체크카드,shopping,life,할인+적립+P사금융 서비스 카드,없음,후불교통가능,P카드 S-Line 체크(미니언즈)
19,19,체크카드,shopping,life,할인+적립+P사금융 서비스 카드,없음,후불교통 가능,P카드 S-Line 체크(마이펫)
20,20,체크카드,shopping,life,"어디서나 0.2% 적립, 선택한 곳에서 5배 적립!",없음,"IC기능 탑재 (신한은행 현금카드)
후불교통가능
※ 일부 사양에 따라 기존 카드 디자인으로 발급될 수 있으니, 이 점 양해 부탁드립니다.",P카드 4Tune 체크
21,21,체크카드,shopping,life,속 깊은 디지털 라이프!,없음,가족카드 가능,SOL Deep Dream P카드 체크
22,22,체크카드,shopping,life,CJ ONE 멤버십 기능 생활 복지 카드,없음,후불교통가능,CJ ONE P카드 체크
23,23,체크카드,shopping,life,"대중교통 10%할인, 커피전문점 20%할인, 4대백화점 및 3대 할인점 10%할인 3가지 서비스 중 선택 형 카드",없음,※ gallery S 카드는 VISA 브랜드만 발급가능,"P카드 S-Choice 체크(S은행, 우리은행, SC은행)"
24,24,체크카드,shopping,life,"대중교통 10%할인, 커피전문점 20%할인, 4대백화점 및 3대 할인점 10%할인 3가지 서비스 중 선택 형 카드",없음,,"P카드 S-Choice 체크(우체국,경남은행,NH농협)"
25,25,체크카드,shopping,life,할인+적립+P사금융 서비스 카드,없음,"후불교통카드
※ gallery S 카드는 VISA 브랜드만 발급가능",P카드 S-Line 체크
26,26,체크카드,shopping,shopping,쇼핑 / 생활 / 영화 Big 할인 체크 카드,없음,,P카드 BigPlus 체크
27,27,체크카드,onlineShopping,shopping,"쉽고 편한 모바일 쇼핑, 세상 편한 SK pay 결제 카드",없음,후불교통 선택가능,11번가 P카드 체크
28,28,체크카드,onlineShopping,shopping,간편결제 최대 2% 적립 혜택 카드,없음,후불교통가능,P카드 Deep On 체크
29,29,체크카드,onlineShopping,shopping,해외 직구는 물론 모든 해외 쇼핑을 위한 카드,없음,후불교통가능,몰테일 P카드 체크
30,30,체크카드,onlineShopping,shopping,전월실적 조건없이 어디서든 적립되는 온라인 쇼핑카드,없음,"후불교통가능, 가족카드 발급 불가",위메프페이 P카드 체크
31,31,체크카드,onlineShopping,shopping,쿠팡 이용금액 3% 무제한 적립에 스타벅스 이용금액 캐시백까지 적용되는 온라인 맞춤형 카드,없음,"후불교통 불가, 현금기능 불가",쿠팡 P카드 체크
32,32,체크카드,onlineShopping,shopping,11번가와 GS리테일 매장에서 최고 11%의 혜택을 제공하는 온라인 카드,없음,후불교통카드,11번가 팝 P카드 체크
33,33,체크카드,onlineShopping,shopping,G마켓 / 옥션 혜택을 한번에! Smile 365 서비스 지원 카드,없음,"IC기능 탑재 (신한은행 현금카드)
후불교통카드",G마켓/옥션 P카드 Smile365 체크
34,34,체크카드,food,life,"요기요 구매금액 15% 할인, 커피/편의점 할인까지 지원 할인 카드",없음,"요기요 신한카드 체크는 만14세 이상 발급 가능.
단, 만 19세 이상 후불교통카드 가능",요기요 P카드 체크
35,35,체크카드,food,life,해피포인트 5% 이상 추가 적립 카드,없음,,해피포인트 P카드 BigPlus 체크
36,36,체크카드,food,life,"GS25, GS수퍼마켓에서 충전 없이 “팝” 서비스를 제공하는 카드",없음,후불교통카드,팝 P카드 S-Choice 체크
37,37,체크카드,food,shopping,아모레퍼시픽 제휴 할인 혜택 카드,없음,후불교통기능만 가능,마이아모레 P카드 체크
38,38,체크카드,oil,car,고속도로요금 결제 카드,"없음
발급수수료: 5천원(카드별 최초 1회)
유효기간: 10년","개인체크 보유회원만 추가발급 가능
신한은행 등 4개 은행 연결계좌 신청가능
당사 고객센터(1544-7000)를 통한 발급 신청도 가능",P카드 하이패스(전용) 체크
39,39,체크카드,oil,life,20살을 위한 금융 특권 카드 (쇼핑/생활/영화),없음,,P카드 S20 Pink 체크
40,40,체크카드,oil,car,전기차 LIFE를 누려보세요. 전기차 충전요금 30% 할인 카드,없음,,P카드 EV 체크
41,41,체크카드,oil,car,제일그룹 계열사 선택적복리후생용 체크카드는 소속사에서 복리후생 적용을 위한 임직원 카드,없음,,복리후생 우체국/제일/S/우리 P카드 BigPlus 체크
42,42,체크카드,oil,car,S-OIL 주유할인 카드,없음,,S-OIL P카드 +60 체크
43,43,체크카드,oil,car,고속도로요금 결제를 편리하게! P사 하이패스 체크카드,"없음
발급수수료: 5천원(카드별 최초 1회)
유효기간: 10년","SIM하이패스 체크카드 신청시 카카오페이 체크카드가 함께 발급됨,
신한/KB/우리/농협 4개 은행 연결계좌 신청 가능(타은행 신청 불가), 터치패스 이용 불가",P카드 하이패스(전용) 체크(SIM형)
44,44,체크카드,culture,culture,전가맹점 최대 0.2% 적립 및 전구단 야구할인 카드,없음,후불교통가능,KBO 제휴 P카드 MY KBO 체크
45,45,체크카드,culture,culture,넥슨캐시 10%·GS25 5%·CGV 10% 캐시백 카드,없음,,넥슨 메이플스토리 P카드 체크
46,46,체크카드,culture,culture,"N코인 구매금액 10% 캐시백에
편의점, 커피 캐시백까지 지원하는 카드",면제,후불교통카드,NCSOFT P카드 체크
47,47,체크카드,culture,culture,FC서울의 다양한 혜택과 P사카드만의 특별한 서비스 제공 카드,없음,후불교통기능,FC서울 유소년축구사랑 P카드 체크
48,48,체크카드,culture,culture,전월 이용 조건 없이 현장할인 3천원 서비스 제공 카드,없음,후불교통카드,롯데시네마 대전/충청 직영관 P카드 S-Choice 체크
49,49,체크카드,culture,culture,전월 이용 조건 없이 현장할인 3천원 서비스 제공 카드,없음,후불교통카드,롯데시네마 인천/부천지역 6개관 현장할인 P카드 S-Choice 체크
50,50,체크카드,culture,culture,P사카드 스포츠누리로 보다 특별한 스포츠 할인 혜택 제공 카드,없음,,P카드 스포츠누리 체크
51,51,체크카드,culture,culture,"앱마켓 5%, 스타벅스, CGV 10% 캐시백 카드",없음,후불교통기능,넷마블 P카드 체크
52,52,체크카드,culture,culture,"앱마켓 5%, 스타벅스 20% 캐시백 카드",없음,,LineageM P카드 체크
53,53,체크카드,travel,life,국내/해외 판타스틱한 혜택에 FAN페이 캐시백 카드,없음,후불교통가능,FANtastic S P카드 체크
54,54,체크카드,travel,travel,"Trip + Plus, 여행에 혜택 지원 카드",없음,"IC기능 탑재 (신한은행 현금카드)
후불교통가능",P카드 YOLO Triplus 체크
55,55,체크카드,travel,culture,전가맹점 최대 0.2% 적립 및 전구단 야구할인 카드,없음,후불교통가능,KBO 제휴 P카드 MY KBO 체크
56,56,체크카드,travel,culture,넥슨캐시 10%·GS25 5%·CGV 10% 캐시백 카드,없음,,넥슨 메이플스토리 P카드 체크
57,57,체크카드,travel,culture,"N코인 구매금액 10% 캐시백에
편의점, 커피 캐시백 지원 카드",면제,후불교통카드,NCSOFT P카드 체크
58,58,체크카드,travel,culture,FC서울의 다양한 혜택과 P사카드만의 특별한 서비스 제공 카드,없음,후불교통기능,FC서울 유소년축구사랑 P카드 체크
59,59,체크카드,travel,culture,"전월 이용 조건 없이 현장할인 3천원 서비스 제공 (1일 1회, 본인회원 한정)",없음,후불교통카드,롯데시네마 대전/충청 직영관 P카드 S-Choice 체크
60,60,체크카드,travel,culture,"전월 이용 조건 없이 현장할인 3천원 서비스 제공 (1일 1회, 본인회원 한정)",없음,후불교통카드,롯데시네마 인천/부천지역 6개관 현장할인 P카드 S-Choice 체크
61,61,체크카드,travel,culture,P사카드 스포츠누리로 보다 특별한 스포츠 할인 혜택을 누리세요!,없음,,P카드 스포츠누리 체크
62,62,체크카드,travel,culture,"앱마켓 5%, 스타벅스, CGV 10% 캐시백",없음,후불교통기능,넷마블 P카드 체크
63,63,체크카드,travel,culture,"앱마켓 5%, 스타벅스 20% 캐시백",없음,,LineageM P카드 체크
64,64,체크카드,comm,culture,전가맹점 최대 0.2% 적립 및 전구단 야구할인,없음,후불교통가능,KBO 제휴 P카드 MY KBO 체크
65,65,체크카드,comm,culture,넥슨캐시 10%·GS25 5%·CGV 10% 캐시백,없음,,넥슨 메이플스토리 P카드 체크
66,66,체크카드,comm,culture,N코인 구매금액 10% 캐시백 카드,면제,후불교통카드,NCSOFT P카드 체크
67,67,체크카드,comm,culture,FC서울의 다양한 혜택과 P사카드만의 특별한 서비스 제공 카드,없음,후불교통기능,FC서울 유소년축구사랑 P카드 체크
68,68,체크카드,comm,culture,"전월 이용 조건 없이 현장할인 3천원 서비스 제공 (1일 1회, 본인회원 한정)",없음,후불교통카드,롯데시네마 대전/충청 직영관 P카드 S-Choice 체크
69,69,체크카드,comm,culture,"전월 이용 조건 없이 현장할인 3천원 서비스 제공 (1일 1회, 본인회원 한정)",없음,후불교통카드,롯데시네마 인천/부천지역 6개관 현장할인 P카드 S-Choice 체크
70,70,체크카드,comm,culture,P사카드 스포츠누리로 보다 특별한 스포츠 할인 혜택 카드,없음,,P카드 스포츠누리 체크
71,71,체크카드,comm,life,"앱마켓 5%, 스타벅스, CGV 10% 캐시백",없음,후불교통기능,넷마블 P카드 체크
72,72,체크카드,comm,life,"앱마켓 5%, 스타벅스 20% 캐시백",없음,,LineageM P카드 체크
73,73,체크카드,finance,life,나의 금융파트너! 신한은행 주거래 패키지 카드,없음,후불교통 기능,P카드 주거래 체크
74,74,체크카드,finance,life,Love 서비스와 전월 실적에 따른 CMA계좌 추가 금리 제공 카드,없음,"만 18세 이상 신한금융투자 CMA 계좌가 있는 실명의 개인
※ 가까운 신한금융투자 영업점에서 신청 가능(국내 및 해외이용 가능)",S금융투자 CMA R+ P카드 Love 체크
75,75,체크카드,finance,life,재형저축과 함께 시작하는 나의 첫번째 재테크 재형저축 캐시백 제공에 더불어 할인서비스까지 제공 카드,없음,"재형저축 금액 기준 캐시백, 백화점, 할인점 5% 할인",P카드 S-Tech 체크
76,76,체크카드,public,culture,"보육비는 물론, 부모님에게 힘이 되는 혜택 카드",없음,"후불교통기능
신청장소: 신한은행 영업점, 신한카드 지점/홈페이지, 복지로 및 동주민센터
※ 보육료 및 유아학비 지원은 정부로 신청",P카드 아이행복 체크
77,77,체크카드,public,car,주유 추가할인 혜택을 더한 경차만의 특권 할인 카드,없음(유효기간 내),,GS칼텍스 P카드 경차사랑 체크
78,78,체크카드,public,culture,카카오 페이로 간편하게 결제하고 학자금 대출 상환 포인트 적립 학자금 대출 부담을 낮춘 카드,없음,"내미래 카카오페이 체크카드는 만 14세 이상
발급 가능. 후불교통카드는 만19세 이상 가능",내미래 카카오페이 P카드 체크
79,79,체크카드,public,life,디지털라이프 지원 카드,없음,가족카드 가능,청년동행 P카드 Deep Dream 체크
80,80,체크카드,public,public,부산시 다자녀가구를 위한 다양한 혜택! 지하철 50% 할인 카드,없음,"가족카드 / 현금기능 선택가능(신한은행) /
비교통카드 없음",부산가족사랑 P카드 S-Choice 체크(부산가족사랑 체크카드)
81,81,체크카드,public,public,복지카드로 공무원만의 특별한 혜택 제공 카드,없음,,공무원연금복지 P카드 S-Choice (선택형) 체크
82,82,체크카드,public,culture,내게 꼭 필요한 생활서비스 이용 시 학자금 대출 상환 포인트 적립 학자금 대출 부담을 낮춘 카드,없음,,내미래 P카드 S20 체크
83,83,체크카드,public,public,선택한 서비스로 혜택을 All-In 카드,없음,,대우조선해양복지 P카드 S-Choice(선택형)체크
84,84,체크카드,public,culture,교육훈련비 환급에 P사은행 혜택 제공 카드,없음,후불교통기능,쉬즈ON P카드 주거래 체크
85,85,체크카드,public,culture,교육훈련비 환급은 기본! 생활적립서비스 제공 카드,없음,후불교통기능,쉬즈ON P카드 S-Line 체크
86,86,체크카드,public,culture,스포츠 강좌 이용을 위한 지원금 카드,없음,,스포츠 강좌 이용권 P카드 Love 체크
87,87,신용카드,life,life,"매일, 매주, 매월, 매년 나에게 찾아오는 선물","Visa 1만 8천원
Local(국내전용) 1만 8천원","가족카드 연회비 없음
(단, 가족카드 단독발급 시에는 본인카드 발급과 동일하게 브랜드에 따른 연회비가 부과 됨)",P카드 D-day
88,88,신용카드,life,life,내가 직접 선택하는 나만의 카드,"VISA 3만원
URS 3만원","가족카드 발급 불가
가로형과 세로형 디자인 중 선택 가능",P카드 Deep Making
89,89,신용카드,life,life,자동으로 챙겨주는 나만의 카드,"VISA 2만원
URS 2만원","가족카드 발급 불가
가로형과 세로형 디자인 중 선택 가능",P카드 Deep Taking
90,90,신용카드,life,life,속 깊은 혜택을 더한,"VISA 3만 3천원
UPI 3만원","가족카드 연회비 없음
(단, 가족카드 단독발급 시에는 본인카드 발급과 동일하게 브랜드에 따른 연회비가 부과됨)
VISA Pay Wave는 교통형으로만 발급 가능",P카드 Deep Dream Platinum+
91,91,신용카드,life,life,미니언즈 킹밥이 내 카드 속으로!,"VISA 3만 3천원
UPI 3만원","가족카드 연회비 없음
(단, 가족카드 단독 발급 시에는 본인카드 발급과 동일하게 브랜드에 따른연회비가 부과됨)
VISA Pay Wave는 교통형으로만 발급 가능
미니언즈 디자인 한정판으로 2020년 03월 31일까지 신규 신청 가능하며,
2020년 04월 01일 이후에는 기존 소지한 카드의 유효기간 내 재발급 가능","P카드 Deep Dream Platinum+
(미니언즈)"
92,92,신용카드,life,life,속 깊은 디지털라이프,"VISA 1만원
UPI 8천원",가족카드 가능 / VISA Pay Wave는 교통형으로만 발급 가능,P카드 Deep Dream
93,93,신용카드,life,life,1인 가구를 위한 최적의 카드,"VISA 1만8천원, S& 1만5천원","후불교통기능
홈페이지/모바일만 신청 가능",P카드 Mr.Life
94,94,신용카드,life,life,주택임대료 할인과 생활 할인 중 선택하여 발급받으세요!,"VISA(해외겸용) 1만 5천원
S&(로컬) 1만 2천원","후불교통기능 가능, 가족카드 발급 가능",P카드 집
95,95,신용카드,life,shopping,포인트!백화점 상품권으로 돌려받자!,"URS 8천원
해외겸용 1만원
Platinum 1만 5천원","IC기능 탑재(현금카드, 전자통장, 공인인증서)
후불교통기능, 가족카드, 점자카드 발급 가능
※ gallery S 카드는 VISA 브랜드만 발급가능",P카드 Hi-Point
96,96,신용카드,life,life,복잡한 조건을 벗어 던지다!,"URS/UPI 2만 7천원
VISA 3만원","IC기능 탑재(현금카드, 전자통장, 공인인증서)
후불교통기능",P카드 Simple Platinum#
97,97,신용카드,life,life,"할인과 적립, 금융혜택을 동시에!","URS/UPI 8천원
해외겸용 1만원
Platinum 2만5천원","점자카드 발급 가능
가족카드 발급 가능",P카드 Love
98,98,신용카드,life,life,"채워라 #, 매월 최대 10만원의 할인 혜택",5만원,"옵션 IC기능 탑재(현금카드, 전자통장, 공인인증서)
후불교통기능, 가족카드 발급가능",P카드 Love Platinum #
99,99,신용카드,life,life,대중교통 할인과 포인트 적립의 결합! 전월 실적 상관 없이 생활친화 가맹점 1% 포인트 적립,"S& 1만원, 국내전용(LOCAL) 1만원,
VISA 1만 4천원","후불교통 기능 필수
가족카드 발급 가능
※ gallery S 카드는 VISA 브랜드만 발급가능",P카드 23.5°
100,100,신용카드,life,life,"세상에 없던 스마트, 잔돈은 할인! 선택서비스, 5% 할인","국내전용 1만원,
해외겸용(VISA, MASTER) 1만 3천원","IC기능 탑재(현금카드, 전자통장, 공인인증서)
후불교통기능, 가족카드 발급가능
※가족카드 단독 발급 불가합니다.",P카드 Cube
101,101,신용카드,life,life,세상에 없던 스마트,"URS 3만 2천원
VISA/MASTER/AMEX 3만 5천원
가족연회비 5천원","IC기능 탑재(현금카드, 전자통장, 공인인증서)
후불교통기능, 가족카드 발급가능
※가족카드 단독 발급 불가합니다.
TVCF 보기",P카드 Cube Platinum #
102,102,신용카드,life,life,품격있는 대명라이프웨이 상조서비스에 대명그룹 서비스까지!,"URS 7,000원/ VISA 12,000원",,대명 P카드 Big plus
103,103,신용카드,life,life,프리드라이프 상조회비 자동이체시 할인까지!,"S& 1만원, VISA 1만 3천원",,프리드라이프 GS칼텍스 P카드 S
104,104,신용카드,life,life,"앞서가는 여성의 필수품, Lady카드!","국내전용 5천원, 해외겸용 7천원, 골드 1만 2천원","후불교통기능, 가족카드 발급가능
※ Lady 카드 디자인 변경으로 카드 발급시점의 재고수량에 따라 실제 수령하시는 카드 디자인과 차이가 있을 수 있습니다.",P카드 Lady
105,105,신용카드,life,life,"Simple하고 쉬운 서비스에 회원 Code에 맞춘
추가(Double) 혜택까지!","S& 1만원, VISA 1만3천원, Master 1만3천원",후불교통기능,P카드 Simple+
106,106,신용카드,life,life,대한민국 신용카드의 베스트셀러,"실버 5천원, 골드 1만원",,BC TOP P카드
107,107,신용카드,life,shopping,"모든가맹점에서 포인트 적립받고 ~
LG전자 가전제품을 알뜰하게 구입하는 방법!","URS 1만원, MASTER 1만2천원, MASTER PLATINUM 2만2천원","가족카드 가능, 후불 교통 가능, 현금 기능 가능",New LG전자 베스트샵 PLUS P카드
108,108,신용카드,shopping,shopping,생활쇼핑 가맹점 최대 15% 할인!,"Master 1만6천원, S& 1만3천원","후불교통가능, 가족카드 발급 가능",P카드 Deep Store
109,109,신용카드,shopping,shopping,신세계백화점 최대 5%할인과 신세계포인트 적립을 동시에!,"UPI 1만 2천원
Master 1만 5천원","가족카드 가능, 후불교통 가능, 현금기능 가능
전화신청 : 080-850-0347",신세계 P카드
110,110,신용카드,shopping,shopping,홈플러스 포인트 2%적립(점외 이용시 0.5%적립),"Local 1만 2천원
VISA 1만 5천원","후불교통 가능, 현금기능 가능",마이 홈플러스 P카드
111,111,신용카드,shopping,shopping,메가마트 포인트 1.5% 적립(점외 이용 시 0.5% 적립),"Master 1만 5천원
S& / Local(국내) 1만 2천원","후불교통가능
가족카드 발급 불가",메가쇼핑 P카드
112,112,신용카드,shopping,shopping,언제 어디서나 특별한 쇼핑의 순간,"VISA 2만3천원, S& 2만","후불교통기능
가족카드 발급 가능",P카드 Shopping
113,113,신용카드,shopping,shopping,"하얗게 눈부신 하루, 오늘은 멋지게 스타일을 꾸며보세요","비자 실버 7천원, 유어스 실버 5천원","가족카드기능, 현금기능 가능",갤러리아-한화이글스 GS칼텍스 P카드 BigPlus
114,114,신용카드,shopping,shopping,"하얗게 눈부신 하루, 오늘은 멋지게 스타일을 꾸며보세요","비자 실버 7천원, 유어스 실버 5천원","가족카드기능, 현금기능가능",갤러리아-한화이글스 P카드 Lady
115,115,신용카드,shopping,shopping,"아이파크몰에서 할인, 포인트 적립은 기본!",해외겸용 7천원,"후불교통기능, 가족카드 발급가능",아이파크몰 P카드 Lady
116,116,신용카드,shopping,shopping,"아이파크몰에서 할인, 포인트 적립은 기본!","국내전용 3천원
(아이파크몰 이용 시 익년도 연회비 면제,
일부임대 매장 제외)","후불교통기능, 가족카드 발급가능",아이파크몰 P카드
117,117,신용카드,shopping,shopping,"아이파크몰에서 할인, 포인트 적립은 기본!",해외겸용 7천원,"후불교통기능, 가족카드 발급가능",아이파크몰 WEEKI P카드 Big Plus GS칼텍스
118,118,신용카드,shopping,shopping,'할인'과 '추가적립'에 'P사카드 기본서비스'까지!,"URS 5천원, 해외겸용 7천원
2년차 이후 전년도 해당카드 누계 100만원 이상
이용 시 연회비 면제","후불교통기능, 가족카드 발급가능",세이브존 P카드 Lady
119,119,신용카드,shopping,shopping,할인과 추가적립에 P사카드 기본서비스까지!!,"URS 5천원, 해외겸용 7천원
2년차 이후 전년도 해당카드 누계 100만원 이상
이용 시 연회비 면제","후불교통기능, 가족카드 발급가능",세이브존 GS칼텍스 P카드 BigPlus
120,120,신용카드,shopping,shopping,새로운 생활을 발견하는 실속있는 선택~,"해외겸용 7천원
초년도 정상청구 (2차년 이후 전년도 AK제휴카드로 100만원 이상 이용시 면제)","후불교통기능, 가족카드 발급 기능",AK P카드 2030
121,121,신용카드,shopping,shopping,새로운 생활을 발견하는 실속있는 선택~,"해외겸용 7천원
초년도 정상청구 (2차년 이후 전년도 AK제휴카드로 100만원 이상 이용시 면제)","후불교통기능, 가족카드 발급 기능",AK P카드 Lady
122,122,신용카드,shopping,shopping,새로운 생활을 발견하는 실속있는 선택~,"해외겸용 7천원
초년도 정상청구
(2차년 이후 전년도 AK제휴카드로 100만원 이상 이용시 면제)","후불교통기능, 가족카드 발급 기능",AK GS칼텍스 P카드 BigPlus
123,123,신용카드,shopping,shopping,대동백화점이 P사카드와 함께 더 알찬 서비스로 찾아갑니다.,해외겸용 7천원,,NEW 대동백화점 P카드 Lady 할인형
124,124,신용카드,shopping,shopping,이마트 이용시 최대5%할인과 신세계포인트 적립의 혜택을 동시에 누릴 수 있는 스마트 카드,"URS 7천원,
해외겸용 VISA(S) 1만 2천원, VISA(P) 2만 2천원,
MASTER(S) 1만 2천원, MASTER(P) 2만 2천원","가족카드가능, 후불교통가능, 현금기능가능
전화신청 : 1544-4677",WISE&SHOPPING 이마트 P카드 DISCOUNT
125,125,신용카드,shopping,shopping,회원제 창고형 할인매장의 쇼핑 파트너!,"S& 1만원, 해외겸용 VISA 1만 3천원",,롯데VIC마켓 P카드
126,126,신용카드,shopping,shopping,"쇼핑을 위한 최고의 카드!
모다아울렛 P사카드로 즐거운 쇼핑생활을 누리세요.","UPI 1만원, MASTER 1만 3천원",후불교통 기능,모다아울렛 P카드
127,127,신용카드,shopping,shopping,"쇼핑 랜드마크 LF 스퀘어만의 특별한 혜택
쇼핑,커피, 편의점, 영화할인까지",URS 1만원/ MATER 1만 3천원,가족카드발급가능 / 후불교통선택가능,LF SQUARE P카드
128,128,신용카드,shopping,travel,"신세계백화점의 혜택과 항공 마일리지 적립을
동시에 누릴 수 있는 카드","UPI 4만 2천원
Master 4만 5천원","후불교통 가능, 현금기능 가능
전화신청 : 080-850-0347",신세계 P카드 SKYPASS / Asiana Club
129,129,신용카드,shopping,shopping,"신세계백화점 '트리니티, 다이아몬드(1억이상)' 회원 전용","VISA(해외겸용) 20만원
국내전용 19만 7천원","후불교통가능, 가족카드 발급 불가",THE BOON SVIP P카드
130,130,신용카드,shopping,shopping,"신세계백화점 '트리니티, 다이아몬드, 플래티넘, 골드' 회원 전용","VISA(해외겸용) 5만원
국내전용 4만 7천원","후불교통가능
가족카드 발급 불가",THE BOON VIP P카드
131,131,신용카드,shopping,shopping,"Healthy & Beautiful Life
LG생활건강 P사카드와 함께 건강하고 아름다운 삶을 누려보세요.","URS 7,000원/ VISA 12,000원","후불교통기능, 가족카드 발급가능,
현금기능 가능",LG생활건강 L스타일 P카드 Lady
132,132,신용카드,shopping,shopping,"Healthy & Beautiful Life
LG생활건강 P사카드와 함께 건강하고 아름다운 삶을 누려보세요.","URS 7,000원/ VISA 12,000원","후불교통기능, 가족카드 발급가능,
현금기능 가능",LG생활건강 G스타일 GS칼텍스 P카드 Big Plus
133,133,신용카드,shopping,life,부담되는 렌탈료 최대 1만원 할인,"URS 7,000원","후불교통기능 , 가족카드 발급가능 , 현금기능 가능
전화신청 : 080-700-1070",쿠쿠 프리멤버쉽 GS칼텍스 P카드 S
134,134,신용카드,shopping,life,세계적인 뉴트리션 전문기업 허벌라이프와 Asia No.1 P사카드의 만남!,"국내전용 8천원, 해외겸용 1만원, 플래티늄 1만5천원","IC기능 탑재(현금카드, 전자통장, 공인인증서)후불교통기능,
가족카드 발급 가능",허벌라이프 P카드 Hi-Point
135,135,신용카드,shopping,life,"할인과 적립, 금융 혜택을 동시에 누린다.","URS/UPI 8천원, 해외겸용 1만원, Platinum 2만5천원","점자카드 발급 가능
가족카드 발급 가능",퍼스트가든 P카드 LOVE
136,136,신용카드,shopping,life,부담되는 렌탈료 1만원 할인!,"URS 7,000원","가족카드 가능, 후불교통기능 가능, 현금기능 가능",청호나이스 P카드
137,137,신용카드,shopping,shopping,"모든 가맹점에서 포인트 적립받고, 한샘가구 제품의 알뜰한 구매까지!","URS 10,000원 / VISA 12,000원
VISA PLATINUM 22,000원",,한샘 P카드 Style T
138,138,신용카드,shopping,life,GS리테일 매장 이용의 필수 아이템!,1만원,"후불교통 선택가능,
가족카드 발급가능",팝 P카드 Lady
139,139,신용카드,shopping,life,"GS리테일(GS수퍼, GS25, 왓슨스) 매장의 필수 아이템!",1만원,"후불교통 선택가능,
가족카드 발급가능",팝 P카드 2030
140,140,신용카드,shopping,life,세상을 복음의 빛으로 바꾸는 GOOD 카드,"국내전용 5천원, 해외겸용 7천원","후불교통기능, 가족카드 발급가능",GOOD P카드 Style-S
141,141,신용카드,shopping,shopping,쇼핑의 스타일이 다른 당신이라면 ‥ Style S,"국내전용 5천원, 해외겸용 7천원","후불교통기능, 가족카드 발급가능",P카드 Style-S
142,142,신용카드,onlineShopping,shopping,"쉽고 편한 모바일 쇼핑, 세상 편한 SK pay 결제!","Master 8천원
S&(로컬) 5천원",후불교통 선택가능,11번가 P카드
143,143,신용카드,onlineShopping,shopping,"간편결제(Pay) 최대 20%, 생활서비스 20% 결제일 할인","Master 3만3천원, UPI 3만원",간편결제(Pay),P카드 Deep On Platinum+
144,144,신용카드,onlineShopping,shopping,더 가벼워진 카드! 더 무거워진 서비스!,"S& 1만원, Master 1만 3천원",모바일 단독 카드,P카드 O2O
145,145,신용카드,onlineShopping,shopping,전월실적 조건 없이 어디서든 적립되는 온라인 쇼핑,"Master(해외겸용) 1만 5천원
URS(로컬) 1만 2천원","후불교통가능, 가족카드 발급 불가",위메프페이 P카드
146,146,신용카드,onlineShopping,life,"카카오페이 구매금액 20% 할인
소셜, 커피, 영화, 대중교통 할인까지",(Local)/UPI : 1만2천원 / (Master) : 1만5천원,후불교통기능만 가능,카카오페이 P카드
147,147,신용카드,onlineShopping,shopping,"전월실적, 적립한도 없는 네이버페이 포인트적립혜택을 누려보세요","VISA 3만원, Local 2만 7천원","후불교통 가능, 현금기능 가능",네이버페이 P카드
148,148,신용카드,onlineShopping,life,"쉽게, 혜택을 누리자!
- LG 페이, 편의점, 커피, 영화 할인 서비스","S& 1만원, Master 1만 3천원",가족카드 불가,LG 페이 P카드
149,149,신용카드,onlineShopping,shopping,쇼핑의 명가! 롯데와 쇼핑을,"URS 7천원, 해외겸용 1만2천원","가족카드가능, 후불교통가능, 현금기능가능",롯데홈쇼핑 P카드 Lady
150,150,신용카드,onlineShopping,shopping,쇼핑의 명가! 롯데와 쇼핑을,"URS 7천원, 해외겸용 1만2천원","가족카드가능, 후불교통가능, 현금기능가능",롯데홈쇼핑 GS칼텍스 P카드 BigPlus
151,151,신용카드,onlineShopping,shopping,빠른 쇼핑 즐거운 쇼핑 11번가의 특별한 혜택!!,해외겸용 7천원,"후불교통카드, 가족카드 발급가능",11번가 P카드 Lady
152,152,신용카드,onlineShopping,shopping,빠른 쇼핑 즐거운 쇼핑 11번가의 특별한 혜택!!,해외겸용 7천원,"후불교통카드, 가족카드 발급가능",11번가 P카드 2030
153,153,신용카드,onlineShopping,shopping,"GS숍 이용시 이용 금액의 2~3% 추가 적립금 제공 (일부상품 제외), 제휴사 할인쿠폰 제공","VISA 1만 2천원 , URS 7천원",,GS숍-d&shop GS칼텍스 P카드 Big Plus
154,154,신용카드,onlineShopping,shopping,"GS숍 이용시 이용 금액의 2~3% 추가 적립금 제공 (일부상품 제외), 제휴사 할인쿠폰 제공","VISA 1만 2천원 , URS 7천원",,GS숍-d&shop P카드 Lady
155,155,신용카드,onlineShopping,shopping,"진정한 쇼핑의 달인!
해외사이트에서 직접 구매하고 몰테일 배송으로 저렴하고 안전하게","해외겸용 12,000원",,몰테일 GS칼텍스 P카드 S
156,156,신용카드,onlineShopping,shopping,한장의 카드로 6대 홈쇼핑 6% 할인!,7천원,"IC기능 탑재, 후불교통가능, 가족카드 불가",BC 부자되세요 홈쇼핑 P카드
157,157,신용카드,food,life,할인율과 디자인을 내 마음대로!,"Local(국내) 1만 5천원
VISA 1만 8천원","IC기능 탑재(현금카드, 전자통장, 공인인증서)
후불교통기능, 가족카드 발급가능
홈페이지/모바일만 신청 가능
드림웍스 디자인 발급 중단",P카드 YOLO ⓘ
158,158,신용카드,food,food,Trendy Young Life를 위한 카드!,"VISA 1만 3천원, S& 1만원",후불교통 기능,P카드 YOLO Tasty
159,159,신용카드,food,oil,CJ그룹의 실속있는 혜택을 누리세요. 즐거움이 2배!!,해외겸용 7천원,"옵션 후불 교통카드 가능, 가족카드 불가, 현금기능가능",The CJ GS칼텍스 P카드 BigPlus
160,160,신용카드,food,shopping,CJ ONE 포인트 더블적립 혜택과 CJ ONE 제휴 브랜드의 할인 혜택 카드,"유어스 8천원, MASTER 1만 3천원","IC기능 탑재(현금카드,전자통장, 공인인증서)
후불교통기능",CJ ONE P카드
161,161,신용카드,food,life,해피포인트 가맹점 이용 시 10% 청구할인,해외겸용 7천원,,해피포인트 Lady 카드
162,162,신용카드,food,life,해피포인트 가맹점 이용 시 20% 청구할인,해외겸용 7천원,,해피포인트 P카드 BigPlus
163,163,신용카드,food,life,해피포인트 가맹점 이용 시 10% 청구할인,해외겸용 7천원,,해피포인트 GS칼텍스 P카드 BigPlus
164,164,신용카드,food,life,"대한민국 씨푸드의 선두주자 Steam Pot, 특별한 곳, 특별한 맛, 해물 샤브샤브 전문점","기존(10.1.22 이전발급)고객
아무 가맹점이나 신판 1회 이용시 익년도 면제
신규(10.1.22 이후발급)고객
신판 500만원 이상 이용시 익년도 연회비면제
-미사용시 연회비 7천원 청구, 초년도 연회비 정상청구","후불교통기능, 가족카드 발급가능",스팀-폿 P카드
165,165,신용카드,food,life,호주 대자연의 맛과 믿을수 없는 할인혜택과의 완전한 만남 아웃백 스테이크하우스 카드를 만나보세요.,"국내전용·URS 7천원, 해외겸용 1만2천원",,아웃백 스테이크하우스 P카드 Lady
166,166,신용카드,food,life,호주 대자연의 맛과 믿을수 없는 할인혜택과의 완전한 만남 아웃백 스테이크하우스 카드를 만나보세요.,"국내전용·URS 7천원, 해외겸용 1만2천원",,아웃백 스테이크하우스 P카드 2030
167,167,신용카드,oil,culture,건강한 나 & 지구 만들기~!,"VISA 1만 6천원
국내전용(LOCAL), S& 1만 3천원","후불교통 가능
가족카드 발급 가능",P카드 Deep ECO
168,168,신용카드,oil,life,매일매일 가는 길마다 P사카드 교통 Big 할인!,"S& 1만원, UPI 1만원, Visa 1만 3천원",후불교통기능,P카드 B.Big(삑)
169,169,신용카드,oil,car,"부담없는 연회비로, 교체없이 10년동안 쭈욱!","2천원, 유효기간 : 10년, 국내전용","기존 개인 신용카드 소지 회원만 추가 발급 가능
후불 하이패스 전용 로컬 단독카드로 발급
당사 고객센터(1544-7000)를 통한 발급 신청도 가능",P카드 후불하이패스+ (하이패스 전용)
170,170,신용카드,oil,car,매일매일 가는 길마다 P사카드 교통 Big 할인!,"S& 1만원, UPI 1만원, Visa 1만 3천원",후불교통기능,P카드 B.Big(마이펫 스노우볼 삑)
171,171,신용카드,oil,car,전기차 LIFE를 누려보세요. 전기차 충전요금 30~50%할인!,"Master 1만 5천원, UPI 1만 2천원",,P카드 EV
172,172,신용카드,oil,car,모든 주유소 포인트 적립에 생활 맞춤 혜택까지!,"UPI 3만 2천원, VISA 3만 5천원","IC기능 탑재(현금카드, 전자통장, 공인인증서)
후불교통기능, 가족카드 발급가능",P카드 RPM+ Platinum#
173,173,신용카드,oil,car,하이패스 카드의 새로운 탄생! 이제 P사 하이패스 행복카드로 고속도로 통행료 할인은 물론 편리하고 다양한 혜택을 누리세요!,"국내전용 12,000원, 해외겸용 17,000원","신한 하이패스 행복카드 신규/추가 신청시, 2장의 카드(신용카드/후불하이패스카드)가 동시발급 됩니다.
분실/훼손/교체 재발급의 경우, 당사 고객센터를 통해 신청하시기 바랍니다.",하이패스 행복 P카드
174,174,신용카드,oil,car,주유할인과 넥센타이어 렌탈 고객 캐시백 이벤트까지!,"국내전용 1만원, VISA 1만3천원","후불교통기능, 가족카드 발급가능",넥센타이어 GS칼텍스 P카드 BigPlus
175,175,신용카드,oil,car,주유카드의 Origin!,"국내전용 5천원 , 실버 7천원, Platinum 1만 5천원","후불교통기능, 가족카드 발급가능",GS칼텍스 P카드 BigPlus
176,176,신용카드,oil,car,"더 이상의 카드는 없다, 신개념의 주유서비스를 경험해 보세요!","URS 5천원 , 실버 7천원 , 골드 1만2천원","후불교통기능, 가족회원 발급가능",GS칼텍스 P카드 BigPlus Smart
177,177,신용카드,oil,car,"후불 하이패스카드와 하이포인트카드를 동시에! 운전할땐 하이패스카드, 가맹점에서는 하이포인트카드!!!","해외겸용 1만5천원, 플래티늄 2만원","※ 카드 신규 신청/추가시, 후불하이패스 전용카드와 하이포인트카드 두장 동시발급
교체 재발급의 경우, 당사 고객센터(1544-7000)를통한 발급 신청",P카드 후불 하이패스
178,178,신용카드,oil,car,"이제 빅플러스로 더 큰 나를 만난다, 새로운 나만의 Life-Style!","실버 7천원, 골드 1만2천원","후불교통기능, 가족카드 발급가능",P카드 BigPlus
179,179,신용카드,oil,car,플래티늄과 빅플러스 GS칼텍스가 만났다.,1만5천원,후불교통기능,GS칼텍스 P카드 BigPlus 플래티늄
180,180,신용카드,oil,car,플래티늄과 빅플러스 GS칼텍스가 만났다.,1만5천원,후불교통기능,GS칼텍스 P카드 BigPlus Smart 플래티늄
181,181,신용카드,oil,car,"주유할인서비스는 물론, 대중교통 할인까지","URS 7천원, 해외겸용 1만 2천원, Platinum2만 2천원","가족카드 발급가능, 후불교통 선택가능",GS칼텍스 P카드 S
182,182,신용카드,oil,car,주유하고 100원 할인! 받고! 대중 교통 이용해서 최고 7% 까지 할인 받자!!,"Local / URS 7천원, 해외겸용 1만 2천원,
Platinum 2만 2천원",,S-Oil P카드 보너스 +100
183,183,신용카드,oil,car,주유하고 100원 할인! 받고! 대중 교통 이용해서 최고 7% 까지 할인 받자!!,"LOCAL/ URS 7천원, 해외겸용 1만 2천원,
Platinum 2만 2천원",,SK에너지 P카드 The you
184,184,신용카드,oil,car,"주유할인서비스는 물론, 대중교통 할인까지","Local/URS : 7천원
(기본연회비 5천원+서비스연회비 2천원),
VISA : 1만 2천원
(기본연회비 5천원+서비스연회비 7천원),
VISA Platinum : 2만원 2천원
(기본연회비 5천원+서비스연회비 1만 7천원)",,GS칼텍스 P카드 Dream 100
185,185,신용카드,oil,car,"주유하고 100원 할인! 받고!
대중 교통 이용해서 최고 7% 까지 할인 받자!!","Local 7천원, MASTER 1만 2천원, Platinum 2만 2천원",,현대오일뱅크 P카드 Oil saving 100
186,186,신용카드,oil,car,"주유할인은 물론, 대중교통요금 할인서비스와 영화, 테마파크 할인까지!","국내전용 7천원, JCB 1만 2천원",,알뜰주유소 P카드
187,187,신용카드,oil,car,"부담없는 연회비로, 교체없이 10년동안 쭈욱!","2천원, 유효기간 : 10년, 국내전용","기존 개인 신용카드 소지 회원만 추가 발급 가능
후불 하이패스 전용 로컬 단독카드로 발급
당사 고객센터(1544-7000)를 통한 발급 신청도 가능",P카드 후불하이패스+ (Sim Type)
188,188,신용카드,culture,culture,부모마음을 잘 아는 카드,"S& 2만원, Master 2만 3천원",후불교통 기능,P카드 Edu
189,189,신용카드,culture,shopping,FAN으로 즐거워진 온라인 쇼핑,S& 1만원,,P카드 Always FAN
190,190,신용카드,culture,culture,맹모카드지교! 우리아이 레슨 받는 곳이라면 어디든지,"URS 2만 7천원, 아멕스 3만원","IC기능 탑재(현금카드, 전자통장, 공인인증서)
후불교통기능, 가족카드 발급가능",P카드 Lesson Platinum#
191,191,신용카드,culture,culture,전가맹점 최대 0.6% 적립 및 전구단 야구할인,"Master 1만 4천원, UPI 1만 1천원",후불교통가능,KBO제휴 P카드 MY KBO
192,192,신용카드,culture,culture,"남자의 명예를 빛내는 2030 카드, 현명한 남성의 경쟁력입니다.","VISA 7천원, URS 5천원","후불교통기능, 가족카드 발급가능",울산현대축구단 P카드 2030
193,193,신용카드,culture,culture,"앱마켓 10%, 편의점 10%, 스타벅스 20% 할인","Master 1만 3천원, S& 1만원",,LineageM P카드
194,194,신용카드,culture,shopping,"알뜰하게 도서를 구입할 절호의 찬스! YES24 P사카드로 할인혜택도 받고, 마음의 양식도 쌓으세요!","Local 10,000원, VISA 15,000원","후불교통기능, 가족카드 발급가능
현금기능 가능",예스24 P카드 BigPlus
195,195,신용카드,culture,culture,교육서비스 차별화! 할인은 물론 편리한 결제서비스까지~,VISA 2만원 / 국내전용 1만7천원,"가족카드 가능, 후불교통 가능, 현금기능 가능",P카드 캠퍼스
196,196,신용카드,culture,food,Trendy Young Life를 위한 카드!?Born to read 알라딘 P사카드 YOLO Tasty,"VISA 1만 3천원, S& 1만원",후불교통 기능,알라딘 P카드 YOLO Tasty
197,197,신용카드,culture,culture,FC서울의 다양한 혜택과 P사카드만의 특별한 서비스를 동시에 누리세요~!!,"URS 7,000원
(기본5,000원 ＋서비스연회비2,000원)
마스터 12000원
(기본연회10,000원 ＋서비스연회비2,000원)","러브 체크카드 발급가능,
후불교통기능, 가족카드 발급가능",FC서울 유소년축구사랑 GS칼텍스 P카드 S
198,198,신용카드,culture,culture,LG트윈스 홈경기 입장권 할인 및 용품 구매 시 할인 혜택!,"VISA 10,000원(기본 5천원 + 서비스 5천원)",,LG트윈스 P카드
199,199,신용카드,culture,culture,레저& 생활의 끝없는 혜택의 홈런~ 레저& 생활을 재미있고 신나게 누리세요!,"URS 7,000원(기본 5,000원 + 제휴 2,000원)","가족카드가능, 후불교통가능 , 현금기능",한화이글스 GS칼텍스 P카드 S
200,200,신용카드,culture,culture,"멤버십회원 가입 및 야구용품 구매시 할인 혜택과 주유,교통,영화,테마파크 등 다양한 서비스를 받으실 수 있습니다.","URS 7천원, VISA 1만2천원",후불교통 기능 탑재,NC 다이노스 GS칼텍스 P카드 S
201,201,신용카드,culture,culture,XGOLF 선결제시 할인에 골프업종 이용하면 마이P사포인트 적립까지!,"URS 1만원, VISA 1만3천원",,엑스골프(XGOLF) GS칼텍스 P카드 S
202,202,신용카드,culture,culture,P사카드 스포츠누리로 보다 특별한 스포츠 할인 혜택을 누리세요!,"국내전용(Local) 7,000원
해외겸용(VISA) 12,000원",후불교통 기능 기본 탑재,스포츠누리 P카드
203,203,신용카드,culture,culture,"N코인 구매금액 20% 할인에 편의점, 커피, 대중교통 할인까지!","Local 1만원, Master 1만3천원","신한은행 현금카드
후불교통카드",NCSOFT P카드
204,204,신용카드,travel,travel,"1,000원당 대한항공 1마일 적립, 항공/면세/해외 2배 적립 카드","Amex 5만 1천원, S& 4만 9천원","가족카드 연회비 없음(단, 가족카드 단독발급 시에는 본인카드 발급과 동일하게 연회비 부과됨)
S&는 신한카드가 AMEX와 제휴하여 개발한 브랜드로 국내전용카드와 동일한 연회비로 국내이용은 물론
AMEX 가맹점 Network로 해외이용이 가능한 Local 브랜드입니다.",P카드 Air One
205,205,신용카드,travel,travel,1.5배 높은 적립! 해외는 더블 적립 카드,"국내전용 (Local) 4만 3천원
해외겸용 (Master) 4만 5천원","IC기능 탑재(신한은행 현금카드)
후불교통기능, 가족카드 발급가능",아시아나 P카드 Air 1.5
206,206,신용카드,travel,travel,"항공 마일리지에 포인트, 프리미엄 서비스까지!","URS 3만 7천원
VISA/MASTER 4만원
가족연회비 5천원(별도)","IC기능 탑재(현금카드, 전자통장, 공인인증서)
후불교통기능, 가족카드 발급가능
※ 가족카드 단독 발급 불가합니다.",P카드 Air Platinum#
207,207,신용카드,travel,travel,마일리지와 포인트 적립으로 떠나는 즐거운 여행~,"URS 7천원, MASTER 1만2천원,
MASTER PLATINUM 2만2천원",후불교통카드 가능/현금기능가능/가족카드 발급 가능,하나투어 마일리지 P카드
208,208,신용카드,travel,travel,하나투어 P사하이포인트 카드로 특별한 혜택을 누려보세요~!,"URS 10천원(기본 5천원 + 서비스 5천원),
MASTER 15천원 (기본 5천원 + 서비스 10천원)",후불교통카드 가능/현금기능가능/가족카드 발급 가능,하나투어 S Hi-Point카드 하이세이브전용
209,209,신용카드,travel,travel,"트래블보너스 AP마일리지 탄생! AP마일리지 쌓고 여행서비스 받자! 1,500원당 최고 마일리지 적립",2만원,,트래블보너스 Air Plus P카드
210,210,신용카드,travel,travel,"트래블보너스 AP마일리지 탄생! AP마일리지 쌓고 여행서비스 받자! 1,500원당 최고 마일리지 적립","URS 7천원, 해외겸용 1만 2천원",,트래블보너스 Air Plus GS칼텍스 P카드 S
211,211,신용카드,travel,travel,"차곡차곡 항공 포인트 쌓고, 내맘대로 쉽게 꺼내 쓰자!","URS 1만3천원, URS 플래티늄 2만3천원","후불교통카드, 가족카드 발급가능
※ 가족카드 단독 발급 불가합니다.",제주항공 Refresh Point P카드
212,212,신용카드,travel,life,레일리지 쌓고 SRT 이용시 혜택 받으세요!,"UPI 1만 5천원, Master 1만 8천원",후불교통 선택 가능,SRT GS칼텍스 P카드 S
213,213,신용카드,travel,shopping,어느 것 하나 놓칠 수 없다!,1만원,,P카드 아메리칸익스프레스
214,214,신용카드,comm,life,LG U+ 물품 및 서비스를 낮은 이자로 할부이용하고 전월실적에 따라 통합할인 받으세요!,"S& 1만 2천원 (기본 5천원 + 서비스 7천원)
Master 1만 5천원 (기본 5천원 + 서비스 1만원)",가족카드 가능/후불교통카드/현금인출 기능,LG U+ 스마트플랜 P카드 BigPlus
215,215,신용카드,comm,life,KT 물품 및 서비스를 낮은 이자로 할부이용하고 전월실적에 따라 통합할인 받으세요!,"UPI 1만 2천원 (기본 5천원 + 서비스 7천원)
Master 1만 5천원 (기본 5천원 + 서비스 1만원)",가족카드 가능/후불교통카드/현금인출 기능,KT SUPER할부 스마트플랜 P카드
216,216,신용카드,comm,life,SKT 물품 및 서비스를 낮은 이자로 할부이용하고 전월실적에 따라 통합할인 받으세요!,"VISA 1만 5천원 (기본 5천원 + 서비스 1만원)
S& 1만 2천원 (기본 5천원 + 서비스 7천원)",가족카드 가능/후불교통카드/현금인출 기능,SKT Light Plan P카드 BigPlus
217,217,신용카드,comm,life,SK브로드밴드 서비스를 P사카드 제휴할인으로 저렴하게 이용하세요~,"국내전용 5천원, 해외겸용 7천원","후불교통선택가능, 가족카드 불가",B P카드 BigPlus
218,218,신용카드,comm,life,"LG U+ 통신요금 할인에 주유, 쇼핑, 테마파크 서비스까지!","S& 1만원 (기본 5천원 + 서비스 5천원)
Master 1만 3천원 (기본 5천원 + 서비스 8천원)",가족카드 가능/후불교통카드/현금인출 기능,LG U+ Smart 10 P카드 BigPlus
219,219,신용카드,comm,life,SK브로드밴드 서비스를 P사카드 제휴할인으로 저렴하게 이용하세요~,"국내전용 7천원, 해외겸용 1만2천원","후불교통선택가능, 가족카드 불가",B+ P카드 BigPlus
220,220,신용카드,comm,life,"TV포인트 적립 서비스도 받고, 다양한 빅플러스 카드 서비스도 받으실 수 있습니다.","VISA 1만 1천원, UPI 8천원","후불교통기능, 가족카드 가능",TV포인트 P카드 BigPlus
221,221,신용카드,comm,life,"CJ헬로 요금할인도 받고, 다양한 빅플러스 카드 서비스도 받으실 수 있습니다.",URS 7천원 / MASTER 1만 2천원,"후불교통기능, 가족카드 불가",CJ헬로비전 P카드 BigPlus
222,222,신용카드,finance,life,나의 금융파트너! P사 주거래 패키지로 더 많은 혜택을!,"VISA 1만 8천원, UPI 1만 5천원","후불교통 기능
스마트OTP 겸용 카드는 2018.1.16일부터 신규 발급이 중단되오며, 기존 소지자의 경우 고객센터(1544-7000)을 통해 재발급이 가능하오니 참고 바랍니다.",P카드 주거래 신용
223,223,신용카드,finance,life,생활비 할인에 금융 혜택까지!,"국내전용 15,000원, Visa 20,000원",후불교통 기능 가능,P카드 미래설계
224,224,신용카드,finance,life,사용실적에 따라 CMA계좌 추가 금리 제공받는 카드,"Local 1만원 (기본 5천원 + 서비스 5천원)
VISA 1만 2천원 (기본 5천원+ 서비스 7천원)","후불교통카드, 신한금융투자 CMA 입출금 기능 필수
※ 가족카드 발급 불가",S금융투자 CMA R+ GS칼텍스 P카드 S
225,225,신용카드,finance,car,현대 하이카 보험료 결제시 최대 3만원 할인. 하이세이브 약정시 추가 10만원 세이브 서비스 제공,"URS 1만원, MASTER 1만5천원","가족카드불가, 후불교통가능, 현금기능가능",현대하이카다이렉트 P카드 Hi-Point
226,226,신용카드,finance,car,"보험료 할인도 받고, 주유소 할인도 받고!",1만2천원,VISA Only(신용 Only),The-K 손해보험 SK에너지 P카드 Oiling
227,227,신용카드,finance,life,수호천사 My Angel 동양생명에 고품격 P사카드 서비스의 날개를 달다,"URS 10,000원 / VISA 12,000원",,동양생명 P카드 Bigplus
228,228,신용카드,public,culture,아이행복 카드 하나면 충분합니다!,"면제
(해당카드에 한해 유효기간 동안 연회비 면제)","후불교통기능
신청장소: 신한은행 영업점, 신한카드 지점/홈페이지, 복지로 및 동주민센터
※ 보육료 및 유아학비 지원은 정부로 신청",P카드 아이행복
229,229,신용카드,public,car,속 깊은 당신을 위한 경차사랑 Life,면제 (해당카드에 한해 유효기간 동안 연회비 면제),후불교통기능,P카드 경차사랑 Life
230,230,신용카드,public,public,"대한민국 공무원만이 느끼는 자부심, P사 공무원 연금카드","해외겸용 7천원
(익년도는 연1회 이상 이용시 면제)
※ 신규회원의 경우 초년도 연회비 청구",후불교통기능,공무원연금 GS칼텍스 P카드 BigPlus
231,231,신용카드,public,life,매일매일 가는 길마다 P사카드 교통 Big 할인!,"S& 1만원, UPI 1만원, Visa 1만 3천원",후불교통기능,청년동행 P카드 B.Big(삑)
232,232,신용카드,public,culture,"주는 행복, 받는 기쁨! 아름다운 당신의 아름다운 카드",5천원,,P카드 아름다운
233,233,신용카드,public,public,"포인트로 기부하고, P사카드의 다양한 혜택도 받으세요!","VISA 11,000원 / UPI 8,000원",,통일과 나눔 P카드 아름다운
234,234,신용카드,public,public,국세청 임직원 복지 증진을 위한 복지카드,URS 7천원 (해외겸용),"후불교통가능, 가족카드 발급 가능",국세청 복지 GS칼텍스 P카드 S
235,235,신용카드,public,public,국세청 임직원 복지 증진을 위한 복지카드,URS 7천원 (해외겸용),"후불교통가능, 가족카드 발급 가능",국세청 복지 P카드 Lady
236,236,신용카드,public,public,서울대학교 총 동문회 제휴 카드,1만원,"후불교통기능, 현금기능(확인)",서울대학교 총동창회 P카드 Simple
237,237,신용카드,public,public,서경방송 요금할인과 빅플러스GS칼텍스 서비스 복지 카드,"국내전용 5천원, 해외겸용 7천원","가족카드 발급가능, 후불교통 가능, 신한은행 현금기능 가능
(2012.6.5일 부터 IC칩 카드로 발급시 후불교통 및 현금기능 가능)",서경방송 GS칼텍스 P카드 BigPlus
238,238,신용카드,public,public,소방공무원 119 소방사랑카드,"해외겸용 1만2천원
초년도 : 신규회원 연회비 청구
익년도 : 신판 1회 이상 이용시 익년도 면제(미사용시 정상청구)",후불교통기능,119 소방사랑 GS칼텍스 P카드 BigPlus
239,239,신용카드,public,public,JCN울산중앙방송 임직원 복지카드,"국내전용 5천원, 실버 7천원
(신판 300만원 이상 사용 시 익년도 연회비 면제)","후불교통가능(Local限), 가족카드 발급가능",JCN울산중앙방송 GS칼텍스 P카드 BigPlus
240,240,신용카드,public,public,대한의사협회 소속 의사 복지 카드,URS 2만 7천원 / VISA 3만원,"IC기능 탑재(현금카드, 전자통장, 공인인증서)
후불교통기능",대한의사협회 The Dr. P카드 Simple Platinum#
241,241,신용카드,public,public,강원도민 지역 혜택 카드,"해외겸용 7천원(익년도는 연1회 이상 이용 시 면제)
※ 신규회원의 경우 초년도 연회비 청구",가족카드 발급가능,강원 반비 多福 GS칼텍스 P카드 BigPlus
242,242,신용카드,public,public,"인천지역 주요학원 할인, 출산/육아용품 할인, 자녀 소아암 관련 혜택","해외겸용 7천원(익년도는 연1회 이상 이용 시 면제)
※ 신규회원의 경우 초년도 연회비 청구",가족카드 발급가능,아이모아 GS칼텍스 P카드 BigPlus
243,243,신용카드,public,public,"장애인복지카드 20,30대 생활 복지 카드",면제(해당 카드에 한해서 유효기간 동안 연회비 면제),"- 서울, 인천, 부산, 대구, 충남 지역 거주자에 한해 교통기능 탑재
- 여성은 레이디카드/남성은 2030카드 발급
- 발급 대상 : 장애인 본인
- 카드신청 : 관할 읍/면/동 주민센터에서 신청",장애인복지 P카드 2030
244,244,신용카드,public,public,"장애인복지카드 주유, 생필품 복지 카드",면제(해당 카드에 한해서 유효기간 동안 연회비 면제),"- 서울, 인천, 부산, 대구, 충남 지역 거주자에 한해 교통기능 탑재
- 여성은 레이디카드/남성은 2030카드 발급
- 발급 대상 : 장애인 본인
- 카드신청 : 관할 읍/면/동 주민센터에서 신청",장애인복지 P카드 lady
245,245,신용카드,public,public,"통합 장애인복지카드 한장으로, 장애인증, 지하철 무임승차, 고속도로 통행료 감면 혜택카드",면제(해당 카드에 한해서 유효기간 동안 연회비 면제),"- 서울, 인천, 부산, 대구, 충남 지역 거주자에 한해 교통기능 탑재
- 여성은 레이디카드/남성은 2030카드 발급
- 발급 대상 : 장애인 본인
- 카드신청 : 관할 읍/면/동 주민센터에서 신청",장애인 통합복지 P카드 2030
246,246,신용카드,public,public,"통합 장애인복지카드 한장으로, 장애인증, 지하철 무임승차, 고속도로 통행료 감면 혜택카드",면제(해당 카드에 한해서 유효기간 동안 연회비 면제),"- 서울, 인천, 부산, 대구, 충남 지역 거주자에 한해 교통기능 탑재
- 여성은 레이디카드/남성은 2030카드 발급
- 발급 대상 : 장애인 본인
- 카드신청 : 관할 읍/면/동 주민센터에서 신청",장애인 통합복지 P카드 Lady
247,247,신용카드,public,public,기존 유공자 복지카드에 고속도로 통행료 감면 서비스 복합 카드,면제(해당 카드에 한해서 유효기간 동안 연회비 면제),"서울, 경기, 인천, 부산, 대구, 충남, 강원 거주자에 한해 교통기능 탑재",유공자 통합복지 P카드
248,248,신용카드,public,public,유공자 고객님을 위한 카드,면제(해당 카드에 한해서 유효기간 동안 연회비 면제),"서울, 경기, 인천, 부산, 대구, 충남, 강원 거주자에 한하여 교통기능 탑재",국가유공자복지 P카드
249,249,신용카드,public,public,교직원 복지 카드,"-기본형 : 국내전용(URS) 8천원, 해외겸용(VISA) 1만원
-Platinum형 : 해외겸용(VISA) 2만5천원)
※ 기본형의 경우 초년도 연회비 청구, 익년도 사용시 면제
   단, Platinum형의 경우 매년 정상 청구",,교직원복지 P카드 Love
250,250,신용카드,public,public,대한치과기공사협회 회원증카드,URS 8천원,"교통카드 필수, 현금기능 선택가능(신한은행)",대한치과기공사협회 P카드 LOVE
251,251,신용카드,public,public,국세청 선정 모범납세자를 위한 우대카드,"2,000원 (※ 익년도는 전년 1회 이상 사용 시 면제)",,국세청 모범납세자 GS칼텍스 P카드 S
252,252,신용카드,public,public,공무원 연금 복지 카드,"초년도) 국내전용 7,000원 / 해외겸용 12,000원
익년도) 연 1회 이상 사용시 면제",후불교통 기능,공무원연금복지 SK에너지 P카드 Oiling
253,253,신용카드,public,public,P 계열사 직원들을 위한 복지 카드,"초년도) 국내전용 7,000원 / 해외겸용 12,000원
익년도) 연 1회 이상 사용시 면제",후불교통 기능,공무원연금복지 GS칼텍스 P카드 S
254,254,신용카드,public,public,P 계열사 생활 지원 복지 카드,"VISA 3만원, URS 2만 7천원","IC기능 탑재(현금카드, 전자통장, 공인인증서)
후불교통기능",내미래 P카드 Simple Platinum#
255,255,신용카드,public,public,대우조선해양 임직원 및 자회사.협력사 임직원 복지카드,"초년도 정상청구 1회 이용시 익년도 연회비 면제
URS/UPI 8천원","점자카드 발급 가능
가족카드 발급 가능",대우조선해양복지 P카드 LOVE
256,256,신용카드,public,public,대우조선해양 임직원 및 자회사.협력사 임직원 복지카드,"초년도 정상청구/연3백만원(월25만원) 이용시 익년도 연회비 면제
URS 7천원 (기본 5천원+서비스 2천원)
VISA 1만 2천원 (기본 5천원+서비스 7천원)
Platinum 2만2천원 (기본 5천원+서비스 1만7천원)
후불하이패스 2,000원 (16.3월 이전 발급 5천원)","후불교통카드, 현금기능, 가족카드 발급 가능",대우조선해양복지 GS칼텍스 P카드 S
257,257,신용카드,public,public,P 계열사 교육 관련 복지 카드,"VISA 1만 8천원, UPI 1만 5천원",후불교통기능,쉬즈ON P카드 주거래 신용
258,258,신용카드,public,public,거제/통영 지역 여행 맞춤 카드,"URS 1만원(기본 5천원+서비스 5천원)
VISA 1만2천원(기본 5천원+서비스 7천원)
후불하이패스 2,000원 (16.3월 이전 발급 5천원)",후불교통카드 가능/현금기능가능/가족카드 발급 가능,거제통영사랑 GS칼텍스 P카드 S
259,259,신용카드,public,public,대우조선해양 임직원 및 협력사 임직원 복지증진을 위한 제휴카드,"URS 7천원 (기본 5천원+서비스 2천원)
VISA 1만 2천원 (기본 5천원+서비스 7천원)
Platinum 2만2천원 (기본 5천원+서비스 1만7천원)",후불교통카드 가능/현금기능가능/가족카드 발급가능,대우조선노동조합 GS칼텍스 P카드 S
260,260,신용카드,public,public,대한장례인협회 임직원 복지카드,"URS 7,000원, VISA 12,000원","가족카드 발급 가능
후불교통 카드 / 현금기능 가능",대한장례인협회 GS칼텍스 P카드 S
261,261,신용카드,public,public,보훈대상자 고객님을 위한,면제(해당 카드에 한해서 유효기간 동안 연회비 면제),"서울, 경기, 인천, 부산, 대구, 충남,
강원 거주자에 한하여 교통기능 탑재",보훈대상자 복지 P카드
262,262,신용카드,public,public,한국 전력 공사 임직원 복지카드,"VISA/Master 1만원, 2만5천원(플래티늄)
AMEX 1만원
URS/UPI 8천원",,한국전력공사 복지 P카드 Love
